old_path,candidate_new_path,model,implementation,dataset,context_mode,feature_set,purpose,scope,migration_batch,requires_script_update,requires_test_update,requires_doc_update,requires_yaml_reference_update,requires_entrypoint_update,collision_status,manual_review,risk_level,confidence,notes
configs/analysis/causal_benchmark_8run_review.yaml,configs/benchmarks/causal_unified/analysis/eight_run_review.yaml,,,iemocap,causal_context,legacy_mmgcn_features,analysis,analysis,Batch 7,NO,NO,NO,NO,NO,CLEAR,NO,low,high,Content-derived classification; no YAML move or edit in Phase 4A.
configs/analysis/four_model_causal_audit.yaml,configs/benchmarks/causal_unified/analysis/four_model_audit_formal.yaml,,,iemocap,causal_context,legacy_mmgcn_features,analysis,analysis,Batch 7,NO,NO,YES,NO,NO,CLEAR,NO,low,high,Content-derived classification; no YAML move or edit in Phase 4A.
configs/analysis/four_model_causal_audit_synthetic.yaml,configs/benchmarks/causal_unified/analysis/four_model_audit_synthetic.yaml,,,synthetic,causal_context,synthetic,analysis,analysis,Batch 1,NO,NO,NO,NO,NO,CLEAR,NO,low,high,Content-derived classification; no YAML move or edit in Phase 4A.
configs/analysis/multi_run_final_analysis.yaml,configs/benchmarks/paper/analysis/multi_run_metrics.yaml,mmgcn,unified,iemocap,,,analysis,analysis,Batch 7,NO,NO,NO,YES,NO,CLEAR,NO,low,high,Content-derived classification; no YAML move or edit in Phase 4A.
configs/analysis/multi_run_training_curves.yaml,configs/benchmarks/paper/analysis/multi_run_curves.yaml,mmgcn,unified,iemocap,,,analysis,analysis,Batch 7,NO,NO,NO,YES,NO,CLEAR,NO,low,high,Content-derived classification; no YAML move or edit in Phase 4A.
configs/analysis/multidag_cl/iemocap/context_compare.yaml,configs/benchmarks/ablations/analysis/multidag_cl/context_compare.yaml,multidag_cl,unified,iemocap,,,analysis,analysis,Batch 7,NO,NO,YES,NO,NO,CLEAR,NO,low,high,Content-derived classification; no YAML move or edit in Phase 4A.
configs/analysis/multidag_cl/iemocap/core_results_compare.yaml,configs/benchmarks/paper/analysis/multidag_cl/core_results_compare.yaml,multidag_cl,unified,iemocap,,,analysis,analysis,Batch 7,NO,NO,YES,NO,NO,CLEAR,NO,low,high,Content-derived classification; no YAML move or edit in Phase 4A.
configs/analysis/multidag_cl/iemocap/loss_stability/loss_stability_w5_compare.yaml,configs/benchmarks/ablations/analysis/multidag_cl/loss_stability_w5_compare.yaml,multidag_cl,unified,iemocap,causal_context,legacy_mmgcn_features,analysis,analysis,Batch 7,NO,NO,NO,NO,NO,CLEAR,NO,low,high,Content-derived classification; no YAML move or edit in Phase 4A.
configs/analysis/multidag_cl/iemocap/modality_compare.yaml,configs/benchmarks/ablations/analysis/multidag_cl/modality_compare.yaml,multidag_cl,unified,iemocap,,,analysis,analysis,Batch 7,NO,NO,YES,NO,NO,CLEAR,NO,low,high,Content-derived classification; no YAML move or edit in Phase 4A.
configs/analysis/multidag_cl/iemocap/stabilization_20260709_compare.yaml,configs/benchmarks/ablations/analysis/multidag_cl/stabilization_compare_20260709.yaml,multidag_cl,unified,iemocap,causal_context,,analysis,analysis,Batch 7,NO,NO,NO,NO,NO,CLEAR,NO,low,high,Content-derived classification; no YAML move or edit in Phase 4A.
configs/analysis/multidag_cl/iemocap/stable_context_compare.yaml,configs/benchmarks/ablations/analysis/multidag_cl/stable_context_compare.yaml,multidag_cl,unified,iemocap,,,analysis,analysis,Batch 7,NO,NO,YES,NO,NO,CLEAR,NO,low,high,Content-derived classification; no YAML move or edit in Phase 4A.
configs/baselines/dialoguegcn/iemocap/causal_benchmark/official_prefix.yaml,configs/dialoguegcn/unified/iemocap/causal_context/legacy_mmgcn_features/val_official_prefix.yaml,dialoguegcn,unified,iemocap,causal_context,legacy_mmgcn_features,formal,model,Batch 4,NO,YES,YES,YES,NO,CLEAR,NO,medium,high,Content-derived classification; no YAML move or edit in Phase 4A.
configs/baselines/dialoguegcn/iemocap/causal_benchmark/val_ses01.yaml,configs/dialoguegcn/unified/iemocap/causal_context/legacy_mmgcn_features/val_ses01.yaml,dialoguegcn,unified,iemocap,causal_context,legacy_mmgcn_features,formal,model,Batch 4,NO,NO,NO,YES,NO,CLEAR,NO,medium,high,Content-derived classification; no YAML move or edit in Phase 4A.
configs/baselines/dialoguegcn/iemocap/causal_benchmark/val_ses02.yaml,configs/dialoguegcn/unified/iemocap/causal_context/legacy_mmgcn_features/val_ses02.yaml,dialoguegcn,unified,iemocap,causal_context,legacy_mmgcn_features,formal,model,Batch 4,NO,NO,NO,YES,NO,CLEAR,NO,medium,high,Content-derived classification; no YAML move or edit in Phase 4A.
configs/baselines/dialoguegcn/iemocap/causal_benchmark/val_ses03.yaml,configs/dialoguegcn/unified/iemocap/causal_context/legacy_mmgcn_features/val_ses03.yaml,dialoguegcn,unified,iemocap,causal_context,legacy_mmgcn_features,formal,model,Batch 4,NO,NO,NO,YES,NO,CLEAR,NO,medium,high,Content-derived classification; no YAML move or edit in Phase 4A.
configs/baselines/dialoguegcn/iemocap/causal_benchmark/val_ses04.yaml,configs/dialoguegcn/unified/iemocap/causal_context/legacy_mmgcn_features/val_ses04.yaml,dialoguegcn,unified,iemocap,causal_context,legacy_mmgcn_features,formal,model,Batch 4,NO,NO,NO,YES,NO,CLEAR,NO,medium,high,Content-derived classification; no YAML move or edit in Phase 4A.
configs/baselines/dialoguegcn/iemocap/clean_roberta_v1/smoke_real_2epoch.yaml,configs/dialoguegcn/unified/iemocap/causal_context/clean_roberta_features/smoke_real_2epoch.yaml,dialoguegcn,unified,iemocap,causal_context,clean_roberta_features,formal,model,Batch 4,NO,YES,NO,NO,NO,CLEAR,NO,medium,high,Content-derived classification; no YAML move or edit in Phase 4A.
configs/baselines/gsmcc/iemocap/causal_benchmark/official_prefix.yaml,configs/gsmcc/project_variant/iemocap/causal_context/legacy_mmgcn_features/val_official_prefix.yaml,gsmcc,project_variant,iemocap,causal_context,legacy_mmgcn_features,formal,model,Batch 5,NO,YES,YES,YES,NO,CLEAR,NO,high,high,Content-derived classification; no YAML move or edit in Phase 4A.
configs/baselines/gsmcc/iemocap/causal_benchmark/val_ses01.yaml,configs/gsmcc/project_variant/iemocap/causal_context/legacy_mmgcn_features/val_ses01.yaml,gsmcc,project_variant,iemocap,causal_context,legacy_mmgcn_features,formal,model,Batch 5,NO,NO,NO,YES,NO,CLEAR,NO,high,high,Content-derived classification; no YAML move or edit in Phase 4A.
configs/baselines/gsmcc/iemocap/causal_benchmark/val_ses02.yaml,configs/gsmcc/project_variant/iemocap/causal_context/legacy_mmgcn_features/val_ses02.yaml,gsmcc,project_variant,iemocap,causal_context,legacy_mmgcn_features,formal,model,Batch 5,NO,NO,NO,YES,NO,CLEAR,NO,high,high,Content-derived classification; no YAML move or edit in Phase 4A.
configs/baselines/gsmcc/iemocap/causal_benchmark/val_ses03.yaml,configs/gsmcc/project_variant/iemocap/causal_context/legacy_mmgcn_features/val_ses03.yaml,gsmcc,project_variant,iemocap,causal_context,legacy_mmgcn_features,formal,model,Batch 5,NO,NO,NO,YES,NO,CLEAR,NO,high,high,Content-derived classification; no YAML move or edit in Phase 4A.
configs/baselines/gsmcc/iemocap/causal_benchmark/val_ses04.yaml,configs/gsmcc/project_variant/iemocap/causal_context/legacy_mmgcn_features/val_ses04.yaml,gsmcc,project_variant,iemocap,causal_context,legacy_mmgcn_features,formal,model,Batch 5,NO,NO,NO,YES,NO,CLEAR,NO,high,high,Content-derived classification; no YAML move or edit in Phase 4A.
configs/baselines/gsmcc/iemocap/clean_roberta_v1/smoke_real_2epoch.yaml,configs/gsmcc/project_variant/iemocap/causal_context/clean_roberta_features/smoke_real_2epoch.yaml,gsmcc,project_variant,iemocap,causal_context,clean_roberta_features,formal,model,Batch 5,NO,YES,NO,NO,NO,CLEAR,NO,high,high,Content-derived classification; no YAML move or edit in Phase 4A.
configs/baselines/mmgcn/iemocap/causal_benchmark/official_prefix.yaml,configs/mmgcn/unified/iemocap/causal_context/legacy_mmgcn_features/val_official_prefix.yaml,mmgcn,unified,iemocap,causal_context,legacy_mmgcn_features,formal,model,Batch 2,NO,YES,NO,YES,NO,CLEAR,NO,medium,high,Content-derived classification; no YAML move or edit in Phase 4A.
configs/baselines/mmgcn/iemocap/causal_benchmark/val_ses01.yaml,configs/mmgcn/unified/iemocap/causal_context/legacy_mmgcn_features/val_ses01.yaml,mmgcn,unified,iemocap,causal_context,legacy_mmgcn_features,formal,model,Batch 2,NO,NO,NO,YES,NO,CLEAR,NO,medium,high,Content-derived classification; no YAML move or edit in Phase 4A.
configs/baselines/mmgcn/iemocap/causal_benchmark/val_ses02.yaml,configs/mmgcn/unified/iemocap/causal_context/legacy_mmgcn_features/val_ses02.yaml,mmgcn,unified,iemocap,causal_context,legacy_mmgcn_features,formal,model,Batch 2,NO,NO,NO,YES,NO,CLEAR,NO,medium,high,Content-derived classification; no YAML move or edit in Phase 4A.
configs/baselines/mmgcn/iemocap/causal_benchmark/val_ses03.yaml,configs/mmgcn/unified/iemocap/causal_context/legacy_mmgcn_features/val_ses03.yaml,mmgcn,unified,iemocap,causal_context,legacy_mmgcn_features,formal,model,Batch 2,NO,NO,NO,YES,NO,CLEAR,NO,medium,high,Content-derived classification; no YAML move or edit in Phase 4A.
configs/baselines/mmgcn/iemocap/causal_benchmark/val_ses04.yaml,configs/mmgcn/unified/iemocap/causal_context/legacy_mmgcn_features/val_ses04.yaml,mmgcn,unified,iemocap,causal_context,legacy_mmgcn_features,formal,model,Batch 2,NO,NO,NO,YES,NO,CLEAR,NO,medium,high,Content-derived classification; no YAML move or edit in Phase 4A.
configs/baselines/mmgcn/iemocap/clean_roberta_v1/smoke_real_2epoch.yaml,configs/mmgcn/unified/iemocap/causal_context/clean_roberta_features/smoke_real_2epoch.yaml,mmgcn,unified,iemocap,causal_context,clean_roberta_features,formal,model,Batch 2,NO,YES,NO,NO,NO,CLEAR,NO,medium,high,Content-derived classification; no YAML move or edit in Phase 4A.
configs/baselines/mmgcn/iemocap/clean_roberta_v1/val_ses01.yaml,configs/mmgcn/unified/iemocap/causal_context/clean_roberta_features/val_ses01.yaml,mmgcn,unified,iemocap,causal_context,clean_roberta_features,formal,model,Batch 2,NO,NO,NO,YES,NO,CLEAR,NO,medium,high,Content-derived classification; no YAML move or edit in Phase 4A.
configs/baselines/mmgcn/iemocap/clean_roberta_v1/val_ses02.yaml,configs/mmgcn/unified/iemocap/causal_context/clean_roberta_features/val_ses02.yaml,mmgcn,unified,iemocap,causal_context,clean_roberta_features,formal,model,Batch 2,NO,NO,NO,YES,NO,CLEAR,NO,medium,high,Content-derived classification; no YAML move or edit in Phase 4A.
configs/baselines/mmgcn/iemocap/clean_roberta_v1/val_ses03.yaml,configs/mmgcn/unified/iemocap/causal_context/clean_roberta_features/val_ses03.yaml,mmgcn,unified,iemocap,causal_context,clean_roberta_features,formal,model,Batch 2,NO,NO,NO,YES,NO,CLEAR,NO,medium,high,Content-derived classification; no YAML move or edit in Phase 4A.
configs/baselines/mmgcn/iemocap/clean_roberta_v1/val_ses04.yaml,configs/mmgcn/unified/iemocap/causal_context/clean_roberta_features/val_ses04.yaml,mmgcn,unified,iemocap,causal_context,clean_roberta_features,formal,model,Batch 2,NO,NO,NO,YES,NO,CLEAR,NO,medium,high,Content-derived classification; no YAML move or edit in Phase 4A.
configs/baselines/multidag_cl/iemocap/causal_benchmark/official_prefix.yaml,configs/multidag_cl/unified/iemocap/causal_context/legacy_mmgcn_features/val_official_prefix.yaml,multidag_cl,unified,iemocap,causal_context,legacy_mmgcn_features,formal,model,Batch 3,NO,YES,NO,YES,NO,CLEAR,NO,medium,high,Content-derived classification; no YAML move or edit in Phase 4A.
configs/baselines/multidag_cl/iemocap/causal_benchmark/val_ses01.yaml,configs/multidag_cl/unified/iemocap/causal_context/legacy_mmgcn_features/val_ses01.yaml,multidag_cl,unified,iemocap,causal_context,legacy_mmgcn_features,formal,model,Batch 3,NO,NO,NO,YES,NO,CLEAR,NO,medium,high,Content-derived classification; no YAML move or edit in Phase 4A.
configs/baselines/multidag_cl/iemocap/causal_benchmark/val_ses02.yaml,configs/multidag_cl/unified/iemocap/causal_context/legacy_mmgcn_features/val_ses02.yaml,multidag_cl,unified,iemocap,causal_context,legacy_mmgcn_features,formal,model,Batch 3,NO,NO,NO,YES,NO,CLEAR,NO,medium,high,Content-derived classification; no YAML move or edit in Phase 4A.
configs/baselines/multidag_cl/iemocap/causal_benchmark/val_ses03.yaml,configs/multidag_cl/unified/iemocap/causal_context/legacy_mmgcn_features/val_ses03.yaml,multidag_cl,unified,iemocap,causal_context,legacy_mmgcn_features,formal,model,Batch 3,NO,NO,NO,YES,NO,CLEAR,NO,medium,high,Content-derived classification; no YAML move or edit in Phase 4A.
configs/baselines/multidag_cl/iemocap/causal_benchmark/val_ses04.yaml,configs/multidag_cl/unified/iemocap/causal_context/legacy_mmgcn_features/val_ses04.yaml,multidag_cl,unified,iemocap,causal_context,legacy_mmgcn_features,formal,model,Batch 3,NO,NO,NO,YES,NO,CLEAR,NO,medium,high,Content-derived classification; no YAML move or edit in Phase 4A.
configs/baselines/multidag_cl/iemocap/clean_roberta_v1/smoke_real_2epoch.yaml,configs/multidag_cl/unified/iemocap/causal_context/clean_roberta_features/smoke_real_2epoch.yaml,multidag_cl,unified,iemocap,causal_context,clean_roberta_features,formal,model,Batch 3,NO,YES,NO,NO,NO,CLEAR,NO,medium,high,Content-derived classification; no YAML move or edit in Phase 4A.
configs/baselines/multidag_cl/iemocap/clean_roberta_v1/val_ses01.yaml,configs/multidag_cl/unified/iemocap/causal_context/clean_roberta_features/val_ses01.yaml,multidag_cl,unified,iemocap,causal_context,clean_roberta_features,formal,model,Batch 3,NO,NO,NO,YES,NO,CLEAR,NO,medium,high,Content-derived classification; no YAML move or edit in Phase 4A.
configs/baselines/multidag_cl/iemocap/clean_roberta_v1/val_ses02.yaml,configs/multidag_cl/unified/iemocap/causal_context/clean_roberta_features/val_ses02.yaml,multidag_cl,unified,iemocap,causal_context,clean_roberta_features,formal,model,Batch 3,NO,NO,NO,YES,NO,CLEAR,NO,medium,high,Content-derived classification; no YAML move or edit in Phase 4A.
configs/baselines/multidag_cl/iemocap/clean_roberta_v1/val_ses03.yaml,configs/multidag_cl/unified/iemocap/causal_context/clean_roberta_features/val_ses03.yaml,multidag_cl,unified,iemocap,causal_context,clean_roberta_features,formal,model,Batch 3,NO,NO,NO,YES,NO,CLEAR,NO,medium,high,Content-derived classification; no YAML move or edit in Phase 4A.
configs/baselines/multidag_cl/iemocap/clean_roberta_v1/val_ses04.yaml,configs/multidag_cl/unified/iemocap/causal_context/clean_roberta_features/val_ses04.yaml,multidag_cl,unified,iemocap,causal_context,clean_roberta_features,formal,model,Batch 3,NO,NO,NO,YES,NO,CLEAR,NO,medium,high,Content-derived classification; no YAML move or edit in Phase 4A.
configs/baselines/multidag_cl/iemocap/debug/context_past_all_causal_tav_smoke.yaml,configs/multidag_cl/unified/iemocap/causal_context/legacy_mmgcn_features/context_past_all_causal_tav_smoke.yaml,multidag_cl,unified,iemocap,causal_context,legacy_mmgcn_features,formal,model,Batch 3,NO,NO,NO,YES,NO,CLEAR,NO,medium,high,Content-derived classification; no YAML move or edit in Phase 4A.
configs/baselines/multidag_cl/iemocap/debug/context_w5_tav_quick.yaml,configs/multidag_cl/unified/iemocap/causal_context/legacy_mmgcn_features/context_w5_tav_quick.yaml,multidag_cl,unified,iemocap,causal_context,legacy_mmgcn_features,formal,model,Batch 3,NO,NO,NO,YES,NO,CLEAR,NO,medium,high,Content-derived classification; no YAML move or edit in Phase 4A.
configs/baselines/multidag_cl/iemocap/debug/context_w5_tav_smoke.yaml,configs/multidag_cl/unified/iemocap/causal_context/legacy_mmgcn_features/context_w5_tav_smoke.yaml,multidag_cl,unified,iemocap,causal_context,legacy_mmgcn_features,formal,model,Batch 3,NO,NO,NO,YES,NO,CLEAR,NO,medium,high,Content-derived classification; no YAML move or edit in Phase 4A.
configs/baselines/multidag_cl/iemocap/formal/context_past_all_causal_tav.yaml,configs/multidag_cl/unified/iemocap/causal_context/legacy_mmgcn_features/context_past_all_causal_tav.yaml,multidag_cl,unified,iemocap,causal_context,legacy_mmgcn_features,context_ablation,model,Batch 6,NO,NO,NO,YES,NO,CLEAR,NO,medium,high,Content-derived classification; no YAML move or edit in Phase 4A.
configs/baselines/multidag_cl/iemocap/formal/context_w0_tav.yaml,configs/multidag_cl/unified/iemocap/causal_context/legacy_mmgcn_features/context_w0_tav.yaml,multidag_cl,unified,iemocap,causal_context,legacy_mmgcn_features,context_ablation,model,Batch 6,NO,NO,NO,YES,NO,CLEAR,NO,medium,high,Content-derived classification; no YAML move or edit in Phase 4A.
configs/baselines/multidag_cl/iemocap/formal/context_w1_tav.yaml,configs/multidag_cl/unified/iemocap/causal_context/legacy_mmgcn_features/context_w1_tav.yaml,multidag_cl,unified,iemocap,causal_context,legacy_mmgcn_features,context_ablation,model,Batch 6,NO,NO,NO,YES,NO,CLEAR,NO,medium,high,Content-derived classification; no YAML move or edit in Phase 4A.
configs/baselines/multidag_cl/iemocap/formal/context_w3_tav.yaml,configs/multidag_cl/unified/iemocap/causal_context/legacy_mmgcn_features/context_w3_tav.yaml,multidag_cl,unified,iemocap,causal_context,legacy_mmgcn_features,context_ablation,model,Batch 6,NO,NO,NO,YES,NO,CLEAR,NO,medium,high,Content-derived classification; no YAML move or edit in Phase 4A.
configs/baselines/multidag_cl/iemocap/formal/context_w5_tav.yaml,configs/multidag_cl/unified/iemocap/causal_context/legacy_mmgcn_features/context_w5_tav.yaml,multidag_cl,unified,iemocap,causal_context,legacy_mmgcn_features,context_ablation,model,Batch 6,NO,NO,NO,YES,NO,CLEAR,NO,high,high,Distinct context-ablation identity retained; candidate path is unique after correcting path generation; no YAML move or edit.
configs/baselines/multidag_cl/iemocap/formal/modality_w5_a.yaml,configs/multidag_cl/unified/iemocap/causal_context/legacy_mmgcn_features/modality_w5_a.yaml,multidag_cl,unified,iemocap,causal_context,legacy_mmgcn_features,modality_ablation,model,Batch 6,NO,NO,NO,YES,NO,CLEAR,NO,medium,high,Content-derived classification; no YAML move or edit in Phase 4A.
configs/baselines/multidag_cl/iemocap/formal/modality_w5_av.yaml,configs/multidag_cl/unified/iemocap/causal_context/legacy_mmgcn_features/modality_w5_av.yaml,multidag_cl,unified,iemocap,causal_context,legacy_mmgcn_features,modality_ablation,model,Batch 6,NO,NO,NO,YES,NO,CLEAR,NO,medium,high,Content-derived classification; no YAML move or edit in Phase 4A.
configs/baselines/multidag_cl/iemocap/formal/modality_w5_t.yaml,configs/multidag_cl/unified/iemocap/causal_context/legacy_mmgcn_features/modality_w5_t.yaml,multidag_cl,unified,iemocap,causal_context,legacy_mmgcn_features,modality_ablation,model,Batch 6,NO,NO,NO,YES,NO,CLEAR,NO,medium,high,Content-derived classification; no YAML move or edit in Phase 4A.
configs/baselines/multidag_cl/iemocap/formal/modality_w5_ta.yaml,configs/multidag_cl/unified/iemocap/causal_context/legacy_mmgcn_features/modality_w5_ta.yaml,multidag_cl,unified,iemocap,causal_context,legacy_mmgcn_features,modality_ablation,model,Batch 6,NO,NO,NO,YES,NO,CLEAR,NO,medium,high,Content-derived classification; no YAML move or edit in Phase 4A.
configs/baselines/multidag_cl/iemocap/formal/modality_w5_tav.yaml,configs/multidag_cl/unified/iemocap/causal_context/legacy_mmgcn_features/modality_w5_tav.yaml,multidag_cl,unified,iemocap,causal_context,legacy_mmgcn_features,modality_ablation,model,Batch 6,NO,NO,NO,YES,NO,CLEAR,NO,high,high,Distinct modality-ablation identity retained; candidate path is unique after correcting path generation; no YAML move or edit.
configs/baselines/multidag_cl/iemocap/formal/modality_w5_tv.yaml,configs/multidag_cl/unified/iemocap/causal_context/legacy_mmgcn_features/modality_w5_tv.yaml,multidag_cl,unified,iemocap,causal_context,legacy_mmgcn_features,modality_ablation,model,Batch 6,NO,NO,NO,YES,NO,CLEAR,NO,medium,high,Content-derived classification; no YAML move or edit in Phase 4A.
configs/baselines/multidag_cl/iemocap/formal/modality_w5_v.yaml,configs/multidag_cl/unified/iemocap/causal_context/legacy_mmgcn_features/modality_w5_v.yaml,multidag_cl,unified,iemocap,causal_context,legacy_mmgcn_features,modality_ablation,model,Batch 6,NO,NO,NO,YES,NO,CLEAR,NO,medium,high,Content-derived classification; no YAML move or edit in Phase 4A.
configs/baselines/multidag_cl/iemocap/loss_stability/context_w5_tav_stable_lr3e4_cosine.yaml,configs/multidag_cl/unified/iemocap/causal_context/legacy_mmgcn_features/context_w5_tav_stable_lr3e4_cosine.yaml,multidag_cl,unified,iemocap,causal_context,legacy_mmgcn_features,stability_ablation,model,Batch 6,NO,NO,NO,YES,NO,CLEAR,NO,medium,high,Content-derived classification; no YAML move or edit in Phase 4A.
configs/baselines/multidag_cl/iemocap/loss_stability/context_w5_tav_stable_lr3e4_earlystop_valloss.yaml,configs/multidag_cl/unified/iemocap/causal_context/legacy_mmgcn_features/context_w5_tav_stable_lr3e4_earlystop_valloss.yaml,multidag_cl,unified,iemocap,causal_context,legacy_mmgcn_features,stability_ablation,model,Batch 6,NO,NO,NO,YES,NO,CLEAR,NO,medium,high,Content-derived classification; no YAML move or edit in Phase 4A.
configs/baselines/multidag_cl/iemocap/loss_stability/context_w5_tav_stable_lr3e4_label_smoothing005.yaml,configs/multidag_cl/unified/iemocap/causal_context/legacy_mmgcn_features/context_w5_tav_stable_lr3e4_label_smoothing005.yaml,multidag_cl,unified,iemocap,causal_context,legacy_mmgcn_features,stability_ablation,model,Batch 6,NO,NO,NO,YES,NO,CLEAR,NO,medium,high,Content-derived classification; no YAML move or edit in Phase 4A.
configs/baselines/multidag_cl/iemocap/loss_stability/context_w5_tav_stable_lr3e4_plateau_valloss.yaml,configs/multidag_cl/unified/iemocap/causal_context/legacy_mmgcn_features/context_w5_tav_stable_lr3e4_plateau_valloss.yaml,multidag_cl,unified,iemocap,causal_context,legacy_mmgcn_features,stability_ablation,model,Batch 6,NO,NO,NO,YES,NO,CLEAR,NO,medium,high,Content-derived classification; no YAML move or edit in Phase 4A.
configs/baselines/multidag_cl/iemocap/loss_stability/context_w5_tav_stable_lr5e4_plateau_valloss.yaml,configs/multidag_cl/unified/iemocap/causal_context/legacy_mmgcn_features/context_w5_tav_stable_lr5e4_plateau_valloss.yaml,multidag_cl,unified,iemocap,causal_context,legacy_mmgcn_features,stability_ablation,model,Batch 6,NO,NO,NO,YES,NO,CLEAR,NO,medium,high,Content-derived classification; no YAML move or edit in Phase 4A.
configs/baselines/multidag_cl/iemocap/stabilize/context_past_all_causal_tav_stable_candidate.yaml,configs/multidag_cl/unified/iemocap/causal_context/legacy_mmgcn_features/context_past_all_causal_tav_stable_candidate.yaml,multidag_cl,unified,iemocap,causal_context,legacy_mmgcn_features,stability_ablation,model,Batch 6,NO,NO,NO,YES,NO,CLEAR,NO,medium,high,Content-derived classification; no YAML move or edit in Phase 4A.
configs/baselines/multidag_cl/iemocap/stabilize/context_w0_tav_stable_candidate.yaml,configs/multidag_cl/unified/iemocap/causal_context/legacy_mmgcn_features/context_w0_tav_stable_candidate.yaml,multidag_cl,unified,iemocap,causal_context,legacy_mmgcn_features,stability_ablation,model,Batch 6,NO,NO,NO,YES,NO,CLEAR,NO,medium,high,Content-derived classification; no YAML move or edit in Phase 4A.
configs/baselines/multidag_cl/iemocap/stabilize/context_w3_tav_stable_candidate.yaml,configs/multidag_cl/unified/iemocap/causal_context/legacy_mmgcn_features/context_w3_tav_stable_candidate.yaml,multidag_cl,unified,iemocap,causal_context,legacy_mmgcn_features,stability_ablation,model,Batch 6,NO,NO,NO,YES,NO,CLEAR,NO,medium,high,Content-derived classification; no YAML move or edit in Phase 4A.
configs/baselines/multidag_cl/iemocap/stabilize/context_w5_tav_dropout01.yaml,configs/multidag_cl/unified/iemocap/causal_context/legacy_mmgcn_features/context_w5_tav_dropout01.yaml,multidag_cl,unified,iemocap,causal_context,legacy_mmgcn_features,stability_ablation,model,Batch 6,NO,NO,NO,YES,NO,CLEAR,NO,medium,high,Content-derived classification; no YAML move or edit in Phase 4A.
configs/baselines/multidag_cl/iemocap/stabilize/context_w5_tav_dropout02.yaml,configs/multidag_cl/unified/iemocap/causal_context/legacy_mmgcn_features/context_w5_tav_dropout02.yaml,multidag_cl,unified,iemocap,causal_context,legacy_mmgcn_features,stability_ablation,model,Batch 6,NO,NO,NO,YES,NO,CLEAR,NO,medium,high,Content-derived classification; no YAML move or edit in Phase 4A.
configs/baselines/multidag_cl/iemocap/stabilize/context_w5_tav_graph1.yaml,configs/multidag_cl/unified/iemocap/causal_context/legacy_mmgcn_features/context_w5_tav_graph1.yaml,multidag_cl,unified,iemocap,causal_context,legacy_mmgcn_features,stability_ablation,model,Batch 6,NO,NO,NO,YES,NO,CLEAR,NO,medium,high,Content-derived classification; no YAML move or edit in Phase 4A.
configs/baselines/multidag_cl/iemocap/stabilize/context_w5_tav_linear_encoder.yaml,configs/multidag_cl/unified/iemocap/causal_context/legacy_mmgcn_features/context_w5_tav_linear_encoder.yaml,multidag_cl,unified,iemocap,causal_context,legacy_mmgcn_features,stability_ablation,model,Batch 6,NO,NO,NO,YES,NO,CLEAR,NO,medium,high,Content-derived classification; no YAML move or edit in Phase 4A.
configs/baselines/multidag_cl/iemocap/stabilize/context_w5_tav_lr3e4.yaml,configs/multidag_cl/unified/iemocap/causal_context/legacy_mmgcn_features/context_w5_tav_lr3e4.yaml,multidag_cl,unified,iemocap,causal_context,legacy_mmgcn_features,stability_ablation,model,Batch 6,NO,NO,NO,YES,NO,CLEAR,NO,medium,high,Content-derived classification; no YAML move or edit in Phase 4A.
configs/baselines/multidag_cl/iemocap/stabilize/context_w5_tav_lr5e4.yaml,configs/multidag_cl/unified/iemocap/causal_context/legacy_mmgcn_features/context_w5_tav_lr5e4.yaml,multidag_cl,unified,iemocap,causal_context,legacy_mmgcn_features,stability_ablation,model,Batch 6,NO,NO,NO,YES,NO,CLEAR,NO,medium,high,Content-derived classification; no YAML move or edit in Phase 4A.
configs/baselines/multidag_cl/iemocap/stabilize/context_w5_tav_stable_candidate.yaml,configs/multidag_cl/unified/iemocap/causal_context/legacy_mmgcn_features/context_w5_tav_stable_candidate.yaml,multidag_cl,unified,iemocap,causal_context,legacy_mmgcn_features,stability_ablation,model,Batch 6,NO,NO,NO,YES,NO,CLEAR,NO,medium,high,Content-derived classification; no YAML move or edit in Phase 4A.
configs/data/iemocap_feature_sets.yaml,configs/_shared/data/iemocap/feature_sets.yaml,,,iemocap,,,shared_data,shared_data,Batch 1,NO,YES,NO,NO,NO,CLEAR,NO,low,high,Content-derived classification; no YAML move or edit in Phase 4A.
configs/experiments/iemocap_clean_roberta_v1_8run.yaml,configs/benchmarks/causal_unified/iemocap_clean_roberta_eight_run.yaml,,unified,iemocap,causal_context,clean_roberta_features,formal,benchmark,Batch 6,NO,YES,NO,NO,NO,CLEAR,NO,high,high,Content-derived classification; no YAML move or edit in Phase 4A.
configs/experiments/original_merc/clean_fold_bases/dialoguegcn_clean.yaml,configs/dialoguegcn/paper_aligned/iemocap/full_context/clean_roberta_features/fivefold_base.yaml,dialoguegcn,paper_aligned,iemocap,full_context,clean_roberta_features,formal,model,Batch 4,YES,NO,NO,YES,NO,CLEAR,NO,medium,high,Content-derived classification; no YAML move or edit in Phase 4A.
configs/experiments/original_merc/clean_fold_bases/gsmcc_clean.yaml,configs/gsmcc/project_variant/iemocap/full_context/clean_roberta_features/fivefold_base.yaml,gsmcc,project_variant,iemocap,full_context,clean_roberta_features,formal,model,Batch 5,YES,NO,NO,YES,NO,CLEAR,NO,high,high,Content-derived classification; no YAML move or edit in Phase 4A.
configs/experiments/original_merc/clean_fold_bases/mmgcn_clean.yaml,configs/mmgcn/paper_aligned/iemocap/full_context/clean_roberta_features/fivefold_base.yaml,mmgcn,paper_aligned,iemocap,full_context,clean_roberta_features,formal,model,Batch 2,YES,NO,NO,YES,NO,CLEAR,NO,medium,high,Content-derived classification; no YAML move or edit in Phase 4A.
configs/experiments/original_merc/clean_fold_bases/multidag_cl_clean.yaml,configs/multidag_cl/paper_aligned/iemocap/full_context/clean_roberta_features/fivefold_base.yaml,multidag_cl,paper_aligned,iemocap,full_context,clean_roberta_features,formal,model,Batch 3,YES,NO,NO,YES,NO,CLEAR,NO,medium,high,Content-derived classification; no YAML move or edit in Phase 4A.
configs/experiments/original_merc/clean_screening/dialoguegcn_clean.yaml,configs/dialoguegcn/paper_aligned/iemocap/full_context/clean_roberta_features/dialoguegcn_clean.yaml,dialoguegcn,paper_aligned,iemocap,full_context,clean_roberta_features,formal,model,Batch 4,NO,YES,NO,YES,NO,CLEAR,NO,medium,high,Content-derived classification; no YAML move or edit in Phase 4A.
configs/experiments/original_merc/clean_screening/gsmcc_clean.yaml,configs/gsmcc/project_variant/iemocap/full_context/clean_roberta_features/gsmcc_clean.yaml,gsmcc,project_variant,iemocap,full_context,clean_roberta_features,formal,model,Batch 5,NO,YES,NO,YES,NO,CLEAR,NO,high,high,Content-derived classification; no YAML move or edit in Phase 4A.
configs/experiments/original_merc/clean_screening/mmgcn_clean.yaml,configs/mmgcn/paper_aligned/iemocap/full_context/clean_roberta_features/mmgcn_clean.yaml,mmgcn,paper_aligned,iemocap,full_context,clean_roberta_features,formal,model,Batch 2,NO,YES,NO,YES,NO,CLEAR,NO,medium,high,Content-derived classification; no YAML move or edit in Phase 4A.
configs/experiments/original_merc/clean_screening/multidag_cl_clean.yaml,configs/multidag_cl/paper_aligned/iemocap/full_context/clean_roberta_features/multidag_cl_clean.yaml,multidag_cl,paper_aligned,iemocap,full_context,clean_roberta_features,formal,model,Batch 3,NO,YES,NO,YES,NO,CLEAR,NO,medium,high,Content-derived classification; no YAML move or edit in Phase 4A.
configs/experiments/original_merc/legacy_fold_bases/dialoguegcn_legacy.yaml,configs/dialoguegcn/paper_aligned/iemocap/full_context/legacy_mmgcn_features/fivefold_base.yaml,dialoguegcn,paper_aligned,iemocap,full_context,legacy_mmgcn_features,formal,model,Batch 4,NO,NO,NO,YES,NO,CLEAR,NO,medium,high,Content-derived classification; no YAML move or edit in Phase 4A.
configs/experiments/original_merc/legacy_fold_bases/gsmcc_legacy.yaml,configs/gsmcc/project_variant/iemocap/full_context/legacy_mmgcn_features/fivefold_base.yaml,gsmcc,project_variant,iemocap,full_context,legacy_mmgcn_features,formal,model,Batch 5,NO,NO,NO,YES,NO,CLEAR,NO,high,high,Content-derived classification; no YAML move or edit in Phase 4A.
configs/experiments/original_merc/legacy_fold_bases/mmgcn_legacy.yaml,configs/mmgcn/paper_aligned/iemocap/full_context/legacy_mmgcn_features/fivefold_base.yaml,mmgcn,paper_aligned,iemocap,full_context,legacy_mmgcn_features,formal,model,Batch 2,NO,NO,NO,YES,NO,CLEAR,NO,medium,high,Content-derived classification; no YAML move or edit in Phase 4A.
configs/experiments/original_merc/legacy_fold_bases/multidag_cl_legacy.yaml,configs/multidag_cl/paper_aligned/iemocap/full_context/legacy_mmgcn_features/fivefold_base.yaml,multidag_cl,paper_aligned,iemocap,full_context,legacy_mmgcn_features,formal,model,Batch 3,NO,NO,NO,YES,NO,CLEAR,NO,medium,high,Content-derived classification; no YAML move or edit in Phase 4A.
configs/experiments/original_merc/pipeline_manifest.yaml,configs/benchmarks/original_merc/pipeline_manifest.yaml,,,iemocap,full_context,,formal,benchmark,Batch 6,YES,NO,NO,NO,NO,CLEAR,NO,high,high,Content-derived classification; no YAML move or edit in Phase 4A.
configs/experiments/original_merc/screening/dialoguegcn_legacy.yaml,configs/dialoguegcn/paper_aligned/iemocap/full_context/legacy_mmgcn_features/screening.yaml,dialoguegcn,paper_aligned,iemocap,full_context,legacy_mmgcn_features,screening,model,Batch 4,NO,YES,NO,YES,NO,CLEAR,NO,medium,high,Content-derived classification; no YAML move or edit in Phase 4A.
configs/experiments/original_merc/screening/gsmcc_legacy.yaml,configs/gsmcc/project_variant/iemocap/full_context/legacy_mmgcn_features/screening.yaml,gsmcc,project_variant,iemocap,full_context,legacy_mmgcn_features,screening,model,Batch 5,NO,YES,NO,YES,NO,CLEAR,NO,high,high,Content-derived classification; no YAML move or edit in Phase 4A.
configs/experiments/original_merc/screening/mmgcn_legacy.yaml,configs/mmgcn/paper_aligned/iemocap/full_context/legacy_mmgcn_features/screening.yaml,mmgcn,paper_aligned,iemocap,full_context,legacy_mmgcn_features,screening,model,Batch 2,NO,YES,NO,YES,NO,CLEAR,NO,medium,high,Content-derived classification; no YAML move or edit in Phase 4A.
configs/experiments/original_merc/screening/multidag_cl_legacy.yaml,configs/multidag_cl/paper_aligned/iemocap/full_context/legacy_mmgcn_features/screening.yaml,multidag_cl,paper_aligned,iemocap,full_context,legacy_mmgcn_features,screening,model,Batch 3,NO,YES,NO,YES,NO,CLEAR,NO,medium,high,Content-derived classification; no YAML move or edit in Phase 4A.
configs/modality_ablation/m3ed/mmgcn/train_mmgcn_m3ed_A.yaml,configs/mmgcn/unified/m3ed/full_context/m3ed_features/modality_ablation_a.yaml,mmgcn,unified,m3ed,full_context,m3ed_features,modality_ablation,model,Batch 6,NO,NO,NO,NO,NO,CLEAR,NO,medium,high,Content-derived classification; no YAML move or edit in Phase 4A.
configs/modality_ablation/m3ed/mmgcn/train_mmgcn_m3ed_AV.yaml,configs/mmgcn/unified/m3ed/full_context/m3ed_features/modality_ablation_av.yaml,mmgcn,unified,m3ed,full_context,m3ed_features,modality_ablation,model,Batch 6,NO,NO,NO,NO,NO,CLEAR,NO,medium,high,Content-derived classification; no YAML move or edit in Phase 4A.
configs/modality_ablation/m3ed/mmgcn/train_mmgcn_m3ed_T.yaml,configs/mmgcn/unified/m3ed/full_context/m3ed_features/modality_ablation_t.yaml,mmgcn,unified,m3ed,full_context,m3ed_features,modality_ablation,model,Batch 6,NO,NO,NO,NO,NO,CLEAR,NO,medium,high,Content-derived classification; no YAML move or edit in Phase 4A.
configs/modality_ablation/m3ed/mmgcn/train_mmgcn_m3ed_TA.yaml,configs/mmgcn/unified/m3ed/full_context/m3ed_features/modality_ablation_ta.yaml,mmgcn,unified,m3ed,full_context,m3ed_features,modality_ablation,model,Batch 6,NO,NO,NO,NO,NO,CLEAR,NO,medium,high,Content-derived classification; no YAML move or edit in Phase 4A.
configs/modality_ablation/m3ed/mmgcn/train_mmgcn_m3ed_TAV.yaml,configs/mmgcn/unified/m3ed/full_context/m3ed_features/modality_ablation_tav.yaml,mmgcn,unified,m3ed,full_context,m3ed_features,modality_ablation,model,Batch 6,NO,NO,NO,NO,NO,CLEAR,NO,medium,high,Content-derived classification; no YAML move or edit in Phase 4A.
configs/modality_ablation/m3ed/mmgcn/train_mmgcn_m3ed_TV.yaml,configs/mmgcn/unified/m3ed/full_context/m3ed_features/modality_ablation_tv.yaml,mmgcn,unified,m3ed,full_context,m3ed_features,modality_ablation,model,Batch 6,NO,NO,NO,NO,NO,CLEAR,NO,medium,high,Content-derived classification; no YAML move or edit in Phase 4A.
configs/modality_ablation/m3ed/mmgcn/train_mmgcn_m3ed_V.yaml,configs/mmgcn/unified/m3ed/full_context/m3ed_features/modality_ablation_v.yaml,mmgcn,unified,m3ed,full_context,m3ed_features,modality_ablation,model,Batch 6,NO,NO,NO,NO,NO,CLEAR,NO,medium,high,Content-derived classification; no YAML move or edit in Phase 4A.
configs/modality_ablation/train_mmgcn_iemocap_official_TA_smoke.yaml,configs/mmgcn/unified/iemocap/full_context/legacy_mmgcn_features/modality_ablation_smoke.yaml,mmgcn,unified,iemocap,full_context,legacy_mmgcn_features,modality_ablation,model,Batch 6,NO,NO,NO,NO,NO,CLEAR,NO,medium,high,Content-derived classification; no YAML move or edit in Phase 4A.
configs/pipeline/dialoguegcn/iemocap/causal_benchmark/official_prefix.yaml,configs/benchmarks/causal_unified/pipelines/dialoguegcn/legacy_mmgcn_features/val_official_prefix.yaml,dialoguegcn,unified,iemocap,causal_context,legacy_mmgcn_features,formal,pipeline,Batch 7,NO,NO,NO,NO,NO,CLEAR,NO,medium,high,Content-derived classification; no YAML move or edit in Phase 4A.
configs/pipeline/dialoguegcn/iemocap/causal_benchmark/val_ses01.yaml,configs/benchmarks/causal_unified/pipelines/dialoguegcn/legacy_mmgcn_features/val_ses01.yaml,dialoguegcn,unified,iemocap,causal_context,legacy_mmgcn_features,formal,pipeline,Batch 7,NO,NO,NO,NO,NO,CLEAR,NO,medium,high,Content-derived classification; no YAML move or edit in Phase 4A.
configs/pipeline/dialoguegcn/iemocap/causal_benchmark/val_ses02.yaml,configs/benchmarks/causal_unified/pipelines/dialoguegcn/legacy_mmgcn_features/val_ses02.yaml,dialoguegcn,unified,iemocap,causal_context,legacy_mmgcn_features,formal,pipeline,Batch 7,NO,NO,NO,NO,NO,CLEAR,NO,medium,high,Content-derived classification; no YAML move or edit in Phase 4A.
configs/pipeline/dialoguegcn/iemocap/causal_benchmark/val_ses03.yaml,configs/benchmarks/causal_unified/pipelines/dialoguegcn/legacy_mmgcn_features/val_ses03.yaml,dialoguegcn,unified,iemocap,causal_context,legacy_mmgcn_features,formal,pipeline,Batch 7,NO,NO,NO,NO,NO,CLEAR,NO,medium,high,Content-derived classification; no YAML move or edit in Phase 4A.
configs/pipeline/dialoguegcn/iemocap/causal_benchmark/val_ses04.yaml,configs/benchmarks/causal_unified/pipelines/dialoguegcn/legacy_mmgcn_features/val_ses04.yaml,dialoguegcn,unified,iemocap,causal_context,legacy_mmgcn_features,formal,pipeline,Batch 7,NO,NO,NO,NO,NO,CLEAR,NO,medium,high,Content-derived classification; no YAML move or edit in Phase 4A.
configs/pipeline/gsmcc/iemocap/causal_benchmark/official_prefix.yaml,configs/benchmarks/causal_unified/pipelines/gsmcc/legacy_mmgcn_features/val_official_prefix.yaml,gsmcc,project_variant,iemocap,causal_context,legacy_mmgcn_features,formal,pipeline,Batch 7,NO,NO,NO,NO,NO,CLEAR,NO,high,high,Content-derived classification; no YAML move or edit in Phase 4A.
configs/pipeline/gsmcc/iemocap/causal_benchmark/val_ses01.yaml,configs/benchmarks/causal_unified/pipelines/gsmcc/legacy_mmgcn_features/val_ses01.yaml,gsmcc,project_variant,iemocap,causal_context,legacy_mmgcn_features,formal,pipeline,Batch 7,NO,NO,NO,NO,NO,CLEAR,NO,high,high,Content-derived classification; no YAML move or edit in Phase 4A.
configs/pipeline/gsmcc/iemocap/causal_benchmark/val_ses02.yaml,configs/benchmarks/causal_unified/pipelines/gsmcc/legacy_mmgcn_features/val_ses02.yaml,gsmcc,project_variant,iemocap,causal_context,legacy_mmgcn_features,formal,pipeline,Batch 7,NO,NO,NO,NO,NO,CLEAR,NO,high,high,Content-derived classification; no YAML move or edit in Phase 4A.
configs/pipeline/gsmcc/iemocap/causal_benchmark/val_ses03.yaml,configs/benchmarks/causal_unified/pipelines/gsmcc/legacy_mmgcn_features/val_ses03.yaml,gsmcc,project_variant,iemocap,causal_context,legacy_mmgcn_features,formal,pipeline,Batch 7,NO,NO,NO,NO,NO,CLEAR,NO,high,high,Content-derived classification; no YAML move or edit in Phase 4A.
configs/pipeline/gsmcc/iemocap/causal_benchmark/val_ses04.yaml,configs/benchmarks/causal_unified/pipelines/gsmcc/legacy_mmgcn_features/val_ses04.yaml,gsmcc,project_variant,iemocap,causal_context,legacy_mmgcn_features,formal,pipeline,Batch 7,NO,NO,NO,NO,NO,CLEAR,NO,high,high,Content-derived classification; no YAML move or edit in Phase 4A.
configs/pipeline/mmgcn/iemocap/causal_benchmark/official_prefix.yaml,configs/benchmarks/causal_unified/pipelines/mmgcn/legacy_mmgcn_features/val_official_prefix.yaml,mmgcn,unified,iemocap,causal_context,legacy_mmgcn_features,formal,pipeline,Batch 7,NO,NO,NO,NO,NO,CLEAR,NO,medium,high,Content-derived classification; no YAML move or edit in Phase 4A.
configs/pipeline/mmgcn/iemocap/causal_benchmark/val_ses01.yaml,configs/benchmarks/causal_unified/pipelines/mmgcn/legacy_mmgcn_features/val_ses01.yaml,mmgcn,unified,iemocap,causal_context,legacy_mmgcn_features,formal,pipeline,Batch 7,NO,YES,NO,YES,NO,CLEAR,NO,medium,high,Content-derived classification; no YAML move or edit in Phase 4A.
configs/pipeline/mmgcn/iemocap/causal_benchmark/val_ses02.yaml,configs/benchmarks/causal_unified/pipelines/mmgcn/legacy_mmgcn_features/val_ses02.yaml,mmgcn,unified,iemocap,causal_context,legacy_mmgcn_features,formal,pipeline,Batch 7,NO,YES,NO,YES,NO,CLEAR,NO,medium,high,Content-derived classification; no YAML move or edit in Phase 4A.
configs/pipeline/mmgcn/iemocap/causal_benchmark/val_ses03.yaml,configs/benchmarks/causal_unified/pipelines/mmgcn/legacy_mmgcn_features/val_ses03.yaml,mmgcn,unified,iemocap,causal_context,legacy_mmgcn_features,formal,pipeline,Batch 7,NO,YES,NO,YES,NO,CLEAR,NO,medium,high,Content-derived classification; no YAML move or edit in Phase 4A.
configs/pipeline/mmgcn/iemocap/causal_benchmark/val_ses04.yaml,configs/benchmarks/causal_unified/pipelines/mmgcn/legacy_mmgcn_features/val_ses04.yaml,mmgcn,unified,iemocap,causal_context,legacy_mmgcn_features,formal,pipeline,Batch 7,NO,YES,NO,YES,NO,CLEAR,NO,medium,high,Content-derived classification; no YAML move or edit in Phase 4A.
configs/pipeline/mmgcn/iemocap/clean_roberta_v1/val_ses01.yaml,configs/benchmarks/causal_unified/pipelines/mmgcn/clean_roberta_features/val_ses01.yaml,mmgcn,unified,iemocap,causal_context,clean_roberta_features,formal,pipeline,Batch 7,NO,NO,NO,YES,NO,CLEAR,NO,medium,high,Content-derived classification; no YAML move or edit in Phase 4A.
configs/pipeline/mmgcn/iemocap/clean_roberta_v1/val_ses02.yaml,configs/benchmarks/causal_unified/pipelines/mmgcn/clean_roberta_features/val_ses02.yaml,mmgcn,unified,iemocap,causal_context,clean_roberta_features,formal,pipeline,Batch 7,NO,NO,NO,YES,NO,CLEAR,NO,medium,high,Content-derived classification; no YAML move or edit in Phase 4A.
configs/pipeline/mmgcn/iemocap/clean_roberta_v1/val_ses03.yaml,configs/benchmarks/causal_unified/pipelines/mmgcn/clean_roberta_features/val_ses03.yaml,mmgcn,unified,iemocap,causal_context,clean_roberta_features,formal,pipeline,Batch 7,NO,NO,NO,YES,NO,CLEAR,NO,medium,high,Content-derived classification; no YAML move or edit in Phase 4A.
configs/pipeline/mmgcn/iemocap/clean_roberta_v1/val_ses04.yaml,configs/benchmarks/causal_unified/pipelines/mmgcn/clean_roberta_features/val_ses04.yaml,mmgcn,unified,iemocap,causal_context,clean_roberta_features,formal,pipeline,Batch 7,NO,NO,NO,YES,NO,CLEAR,NO,medium,high,Content-derived classification; no YAML move or edit in Phase 4A.
configs/pipeline/mmgcn_pipeline.yaml,configs/benchmarks/ablations/missing_modality/pipelines/mmgcn/legacy_mmgcn_features/mmgcn_pipeline.yaml,mmgcn,unified,iemocap,full_context,legacy_mmgcn_features,missing_modality,pipeline,Batch 7,NO,NO,NO,NO,NO,CLEAR,NO,medium,high,Content-derived classification; no YAML move or edit in Phase 4A.
configs/pipeline/mmgcn_pipeline_analyze.yaml,configs/benchmarks/paper/pipelines/mmgcn_pipeline_analyze.yaml,mmgcn,unified,iemocap,full_context,legacy_mmgcn_features,analysis,pipeline,Batch 7,NO,NO,NO,NO,NO,CLEAR,NO,medium,high,Content-derived classification; no YAML move or edit in Phase 4A.
configs/pipeline/mmgcn_pipeline_m3ed.yaml,configs/benchmarks/ablations/missing_modality/pipelines/mmgcn/m3ed_features/mmgcn_pipeline_m3ed.yaml,mmgcn,unified,m3ed,full_context,m3ed_features,missing_modality,pipeline,Batch 7,NO,NO,YES,NO,NO,CLEAR,NO,medium,high,Content-derived classification; no YAML move or edit in Phase 4A.
configs/pipeline/multidag_cl/iemocap/causal_benchmark/official_prefix.yaml,configs/benchmarks/causal_unified/pipelines/multidag_cl/legacy_mmgcn_features/val_official_prefix.yaml,multidag_cl,unified,iemocap,causal_context,legacy_mmgcn_features,formal,pipeline,Batch 7,NO,NO,NO,NO,NO,CLEAR,NO,medium,high,Content-derived classification; no YAML move or edit in Phase 4A.
configs/pipeline/multidag_cl/iemocap/causal_benchmark/val_ses01.yaml,configs/benchmarks/causal_unified/pipelines/multidag_cl/legacy_mmgcn_features/val_ses01.yaml,multidag_cl,unified,iemocap,causal_context,legacy_mmgcn_features,formal,pipeline,Batch 7,NO,YES,NO,YES,NO,CLEAR,NO,medium,high,Content-derived classification; no YAML move or edit in Phase 4A.
configs/pipeline/multidag_cl/iemocap/causal_benchmark/val_ses02.yaml,configs/benchmarks/causal_unified/pipelines/multidag_cl/legacy_mmgcn_features/val_ses02.yaml,multidag_cl,unified,iemocap,causal_context,legacy_mmgcn_features,formal,pipeline,Batch 7,NO,YES,NO,YES,NO,CLEAR,NO,medium,high,Content-derived classification; no YAML move or edit in Phase 4A.
configs/pipeline/multidag_cl/iemocap/causal_benchmark/val_ses03.yaml,configs/benchmarks/causal_unified/pipelines/multidag_cl/legacy_mmgcn_features/val_ses03.yaml,multidag_cl,unified,iemocap,causal_context,legacy_mmgcn_features,formal,pipeline,Batch 7,NO,YES,NO,YES,NO,CLEAR,NO,medium,high,Content-derived classification; no YAML move or edit in Phase 4A.
configs/pipeline/multidag_cl/iemocap/causal_benchmark/val_ses04.yaml,configs/benchmarks/causal_unified/pipelines/multidag_cl/legacy_mmgcn_features/val_ses04.yaml,multidag_cl,unified,iemocap,causal_context,legacy_mmgcn_features,formal,pipeline,Batch 7,NO,YES,NO,YES,NO,CLEAR,NO,medium,high,Content-derived classification; no YAML move or edit in Phase 4A.
configs/pipeline/multidag_cl/iemocap/clean_roberta_v1/val_ses01.yaml,configs/benchmarks/causal_unified/pipelines/multidag_cl/clean_roberta_features/val_ses01.yaml,multidag_cl,unified,iemocap,causal_context,clean_roberta_features,formal,pipeline,Batch 7,NO,NO,NO,YES,NO,CLEAR,NO,medium,high,Content-derived classification; no YAML move or edit in Phase 4A.
configs/pipeline/multidag_cl/iemocap/clean_roberta_v1/val_ses02.yaml,configs/benchmarks/causal_unified/pipelines/multidag_cl/clean_roberta_features/val_ses02.yaml,multidag_cl,unified,iemocap,causal_context,clean_roberta_features,formal,pipeline,Batch 7,NO,NO,NO,YES,NO,CLEAR,NO,medium,high,Content-derived classification; no YAML move or edit in Phase 4A.
configs/pipeline/multidag_cl/iemocap/clean_roberta_v1/val_ses03.yaml,configs/benchmarks/causal_unified/pipelines/multidag_cl/clean_roberta_features/val_ses03.yaml,multidag_cl,unified,iemocap,causal_context,clean_roberta_features,formal,pipeline,Batch 7,NO,NO,NO,YES,NO,CLEAR,NO,medium,high,Content-derived classification; no YAML move or edit in Phase 4A.
configs/pipeline/multidag_cl/iemocap/clean_roberta_v1/val_ses04.yaml,configs/benchmarks/causal_unified/pipelines/multidag_cl/clean_roberta_features/val_ses04.yaml,multidag_cl,unified,iemocap,causal_context,clean_roberta_features,formal,pipeline,Batch 7,NO,NO,NO,YES,NO,CLEAR,NO,medium,high,Content-derived classification; no YAML move or edit in Phase 4A.
configs/pipeline/multidag_cl/iemocap/debug/context_past_all_causal_tav_smoke.yaml,configs/benchmarks/causal_unified/pipelines/multidag_cl/legacy_mmgcn_features/context_past_all_causal_tav_smoke.yaml,multidag_cl,unified,iemocap,causal_context,legacy_mmgcn_features,formal,pipeline,Batch 7,NO,NO,YES,NO,NO,CLEAR,NO,medium,high,Content-derived classification; no YAML move or edit in Phase 4A.
configs/pipeline/multidag_cl/iemocap/debug/context_w5_tav_quick.yaml,configs/benchmarks/causal_unified/pipelines/multidag_cl/legacy_mmgcn_features/context_w5_tav_quick.yaml,multidag_cl,unified,iemocap,causal_context,legacy_mmgcn_features,formal,pipeline,Batch 7,NO,NO,YES,NO,NO,CLEAR,NO,medium,high,Content-derived classification; no YAML move or edit in Phase 4A.
configs/pipeline/multidag_cl/iemocap/debug/context_w5_tav_smoke.yaml,configs/benchmarks/causal_unified/pipelines/multidag_cl/legacy_mmgcn_features/context_w5_tav_smoke.yaml,multidag_cl,unified,iemocap,causal_context,legacy_mmgcn_features,formal,pipeline,Batch 7,NO,NO,YES,NO,NO,CLEAR,NO,medium,high,Content-derived classification; no YAML move or edit in Phase 4A.
configs/pipeline/multidag_cl/iemocap/formal/context_past_all_causal_tav.yaml,configs/benchmarks/ablations/context/pipelines/multidag_cl/context_past_all_causal_tav.yaml,multidag_cl,unified,iemocap,causal_context,legacy_mmgcn_features,context_ablation,pipeline,Batch 7,NO,NO,YES,NO,NO,CLEAR,NO,medium,high,Content-derived classification; no YAML move or edit in Phase 4A.
configs/pipeline/multidag_cl/iemocap/formal/context_w0_tav.yaml,configs/benchmarks/ablations/context/pipelines/multidag_cl/context_w0_tav.yaml,multidag_cl,unified,iemocap,causal_context,legacy_mmgcn_features,context_ablation,pipeline,Batch 7,NO,NO,YES,NO,NO,CLEAR,NO,medium,high,Content-derived classification; no YAML move or edit in Phase 4A.
configs/pipeline/multidag_cl/iemocap/formal/context_w1_tav.yaml,configs/benchmarks/ablations/context/pipelines/multidag_cl/context_w1_tav.yaml,multidag_cl,unified,iemocap,causal_context,legacy_mmgcn_features,context_ablation,pipeline,Batch 7,NO,NO,YES,NO,NO,CLEAR,NO,medium,high,Content-derived classification; no YAML move or edit in Phase 4A.
configs/pipeline/multidag_cl/iemocap/formal/context_w3_tav.yaml,configs/benchmarks/ablations/context/pipelines/multidag_cl/context_w3_tav.yaml,multidag_cl,unified,iemocap,causal_context,legacy_mmgcn_features,context_ablation,pipeline,Batch 7,NO,NO,YES,NO,NO,CLEAR,NO,medium,high,Content-derived classification; no YAML move or edit in Phase 4A.
configs/pipeline/multidag_cl/iemocap/formal/context_w5_tav.yaml,configs/benchmarks/ablations/context/pipelines/multidag_cl/context_w5_tav.yaml,multidag_cl,unified,iemocap,causal_context,legacy_mmgcn_features,context_ablation,pipeline,Batch 7,NO,NO,YES,NO,NO,CLEAR,NO,high,high,Distinct context-ablation pipeline identity retained; candidate path is unique after correcting path generation; no YAML move or edit.
configs/pipeline/multidag_cl/iemocap/formal/modality_w5_a.yaml,configs/benchmarks/ablations/modality/pipelines/multidag_cl/modality_w5_a.yaml,multidag_cl,unified,iemocap,causal_context,legacy_mmgcn_features,modality_ablation,pipeline,Batch 7,NO,NO,YES,NO,NO,CLEAR,NO,medium,high,Content-derived classification; no YAML move or edit in Phase 4A.
configs/pipeline/multidag_cl/iemocap/formal/modality_w5_av.yaml,configs/benchmarks/ablations/modality/pipelines/multidag_cl/modality_w5_av.yaml,multidag_cl,unified,iemocap,causal_context,legacy_mmgcn_features,modality_ablation,pipeline,Batch 7,NO,NO,YES,NO,NO,CLEAR,NO,medium,high,Content-derived classification; no YAML move or edit in Phase 4A.
configs/pipeline/multidag_cl/iemocap/formal/modality_w5_t.yaml,configs/benchmarks/ablations/modality/pipelines/multidag_cl/modality_w5_t.yaml,multidag_cl,unified,iemocap,causal_context,legacy_mmgcn_features,modality_ablation,pipeline,Batch 7,NO,NO,YES,NO,NO,CLEAR,NO,medium,high,Content-derived classification; no YAML move or edit in Phase 4A.
configs/pipeline/multidag_cl/iemocap/formal/modality_w5_ta.yaml,configs/benchmarks/ablations/modality/pipelines/multidag_cl/modality_w5_ta.yaml,multidag_cl,unified,iemocap,causal_context,legacy_mmgcn_features,modality_ablation,pipeline,Batch 7,NO,NO,YES,NO,NO,CLEAR,NO,medium,high,Content-derived classification; no YAML move or edit in Phase 4A.
configs/pipeline/multidag_cl/iemocap/formal/modality_w5_tav.yaml,configs/benchmarks/ablations/modality/pipelines/multidag_cl/modality_w5_tav.yaml,multidag_cl,unified,iemocap,causal_context,legacy_mmgcn_features,modality_ablation,pipeline,Batch 7,NO,NO,YES,NO,NO,CLEAR,NO,high,high,Distinct modality-ablation pipeline identity retained; candidate path is unique after correcting path generation; no YAML move or edit.
configs/pipeline/multidag_cl/iemocap/formal/modality_w5_tv.yaml,configs/benchmarks/ablations/modality/pipelines/multidag_cl/modality_w5_tv.yaml,multidag_cl,unified,iemocap,causal_context,legacy_mmgcn_features,modality_ablation,pipeline,Batch 7,NO,NO,YES,NO,NO,CLEAR,NO,medium,high,Content-derived classification; no YAML move or edit in Phase 4A.
configs/pipeline/multidag_cl/iemocap/formal/modality_w5_v.yaml,configs/benchmarks/ablations/modality/pipelines/multidag_cl/modality_w5_v.yaml,multidag_cl,unified,iemocap,causal_context,legacy_mmgcn_features,modality_ablation,pipeline,Batch 7,NO,NO,YES,NO,NO,CLEAR,NO,medium,high,Content-derived classification; no YAML move or edit in Phase 4A.
configs/pipeline/multidag_cl/iemocap/loss_stability/context_w5_tav_stable_lr3e4_cosine.yaml,configs/benchmarks/ablations/stability/pipelines/multidag_cl/context_w5_tav_stable_lr3e4_cosine.yaml,multidag_cl,unified,iemocap,causal_context,legacy_mmgcn_features,stability_ablation,pipeline,Batch 7,NO,NO,NO,YES,NO,CLEAR,NO,medium,high,Content-derived classification; no YAML move or edit in Phase 4A.
configs/pipeline/multidag_cl/iemocap/loss_stability/context_w5_tav_stable_lr3e4_earlystop_valloss.yaml,configs/benchmarks/ablations/stability/pipelines/multidag_cl/context_w5_tav_stable_lr3e4_earlystop_valloss.yaml,multidag_cl,unified,iemocap,causal_context,legacy_mmgcn_features,stability_ablation,pipeline,Batch 7,NO,NO,NO,YES,NO,CLEAR,NO,medium,high,Content-derived classification; no YAML move or edit in Phase 4A.
configs/pipeline/multidag_cl/iemocap/loss_stability/context_w5_tav_stable_lr3e4_label_smoothing005.yaml,configs/benchmarks/ablations/stability/pipelines/multidag_cl/context_w5_tav_stable_lr3e4_label_smoothing005.yaml,multidag_cl,unified,iemocap,causal_context,legacy_mmgcn_features,stability_ablation,pipeline,Batch 7,NO,NO,NO,YES,NO,CLEAR,NO,medium,high,Content-derived classification; no YAML move or edit in Phase 4A.
configs/pipeline/multidag_cl/iemocap/loss_stability/context_w5_tav_stable_lr3e4_plateau_valloss.yaml,configs/benchmarks/ablations/stability/pipelines/multidag_cl/context_w5_tav_stable_lr3e4_plateau_valloss.yaml,multidag_cl,unified,iemocap,causal_context,legacy_mmgcn_features,stability_ablation,pipeline,Batch 7,NO,NO,NO,YES,NO,CLEAR,NO,medium,high,Content-derived classification; no YAML move or edit in Phase 4A.
configs/pipeline/multidag_cl/iemocap/loss_stability/context_w5_tav_stable_lr5e4_plateau_valloss.yaml,configs/benchmarks/ablations/stability/pipelines/multidag_cl/context_w5_tav_stable_lr5e4_plateau_valloss.yaml,multidag_cl,unified,iemocap,causal_context,legacy_mmgcn_features,stability_ablation,pipeline,Batch 7,NO,NO,NO,YES,NO,CLEAR,NO,medium,high,Content-derived classification; no YAML move or edit in Phase 4A.
configs/pipeline/multidag_cl/iemocap/missing/missing_eval_from_context_w5_tav.yaml,configs/benchmarks/ablations/missing_modality/pipelines/multidag_cl/legacy_mmgcn_features/context_w5_tav.yaml,multidag_cl,unified,iemocap,causal_context,legacy_mmgcn_features,missing_modality,pipeline,Batch 7,NO,NO,YES,NO,NO,MANUAL_REVIEW,YES,high,medium,Manual review required before Config Batch 7: active docs distinguish original and stable source runs but YAML has no machine-readable source-run field; decide merge versus a separate semantics task.
configs/pipeline/multidag_cl/iemocap/missing/missing_eval_from_stable_context_w5_tav.yaml,configs/benchmarks/ablations/missing_modality/pipelines/multidag_cl/legacy_mmgcn_features/context_w5_tav.yaml,multidag_cl,unified,iemocap,causal_context,legacy_mmgcn_features,missing_modality,pipeline,Batch 7,NO,NO,YES,NO,NO,MANUAL_REVIEW,YES,high,medium,Manual review required before Config Batch 7: active docs distinguish original and stable source runs but YAML has no machine-readable source-run field; decide merge versus a separate semantics task.
configs/pipeline/multidag_cl/iemocap/stabilize/context_past_all_causal_tav_stable_candidate.yaml,configs/benchmarks/ablations/stability/pipelines/multidag_cl/context_past_all_causal_tav_stable_candidate.yaml,multidag_cl,unified,iemocap,causal_context,legacy_mmgcn_features,stability_ablation,pipeline,Batch 7,NO,NO,YES,NO,NO,CLEAR,NO,medium,high,Content-derived classification; no YAML move or edit in Phase 4A.
configs/pipeline/multidag_cl/iemocap/stabilize/context_w0_tav_stable_candidate.yaml,configs/benchmarks/ablations/stability/pipelines/multidag_cl/context_w0_tav_stable_candidate.yaml,multidag_cl,unified,iemocap,causal_context,legacy_mmgcn_features,stability_ablation,pipeline,Batch 7,NO,NO,YES,NO,NO,CLEAR,NO,medium,high,Content-derived classification; no YAML move or edit in Phase 4A.
configs/pipeline/multidag_cl/iemocap/stabilize/context_w3_tav_stable_candidate.yaml,configs/benchmarks/ablations/stability/pipelines/multidag_cl/context_w3_tav_stable_candidate.yaml,multidag_cl,unified,iemocap,causal_context,legacy_mmgcn_features,stability_ablation,pipeline,Batch 7,NO,NO,YES,NO,NO,CLEAR,NO,medium,high,Content-derived classification; no YAML move or edit in Phase 4A.
configs/pipeline/multidag_cl/iemocap/stabilize/context_w5_tav_dropout01.yaml,configs/benchmarks/ablations/stability/pipelines/multidag_cl/context_w5_tav_dropout01.yaml,multidag_cl,unified,iemocap,causal_context,legacy_mmgcn_features,stability_ablation,pipeline,Batch 7,NO,NO,NO,NO,NO,CLEAR,NO,medium,high,Content-derived classification; no YAML move or edit in Phase 4A.
configs/pipeline/multidag_cl/iemocap/stabilize/context_w5_tav_dropout02.yaml,configs/benchmarks/ablations/stability/pipelines/multidag_cl/context_w5_tav_dropout02.yaml,multidag_cl,unified,iemocap,causal_context,legacy_mmgcn_features,stability_ablation,pipeline,Batch 7,NO,NO,NO,NO,NO,CLEAR,NO,medium,high,Content-derived classification; no YAML move or edit in Phase 4A.
configs/pipeline/multidag_cl/iemocap/stabilize/context_w5_tav_graph1.yaml,configs/benchmarks/ablations/stability/pipelines/multidag_cl/context_w5_tav_graph1.yaml,multidag_cl,unified,iemocap,causal_context,legacy_mmgcn_features,stability_ablation,pipeline,Batch 7,NO,NO,NO,NO,NO,CLEAR,NO,medium,high,Content-derived classification; no YAML move or edit in Phase 4A.
configs/pipeline/multidag_cl/iemocap/stabilize/context_w5_tav_linear_encoder.yaml,configs/benchmarks/ablations/stability/pipelines/multidag_cl/context_w5_tav_linear_encoder.yaml,multidag_cl,unified,iemocap,causal_context,legacy_mmgcn_features,stability_ablation,pipeline,Batch 7,NO,NO,NO,NO,NO,CLEAR,NO,medium,high,Content-derived classification; no YAML move or edit in Phase 4A.
configs/pipeline/multidag_cl/iemocap/stabilize/context_w5_tav_lr3e4.yaml,configs/benchmarks/ablations/stability/pipelines/multidag_cl/context_w5_tav_lr3e4.yaml,multidag_cl,unified,iemocap,causal_context,legacy_mmgcn_features,stability_ablation,pipeline,Batch 7,NO,NO,NO,NO,NO,CLEAR,NO,medium,high,Content-derived classification; no YAML move or edit in Phase 4A.
configs/pipeline/multidag_cl/iemocap/stabilize/context_w5_tav_lr5e4.yaml,configs/benchmarks/ablations/stability/pipelines/multidag_cl/context_w5_tav_lr5e4.yaml,multidag_cl,unified,iemocap,causal_context,legacy_mmgcn_features,stability_ablation,pipeline,Batch 7,NO,NO,NO,NO,NO,CLEAR,NO,medium,high,Content-derived classification; no YAML move or edit in Phase 4A.
configs/pipeline/multidag_cl/iemocap/stabilize/context_w5_tav_stable_candidate.yaml,configs/benchmarks/ablations/stability/pipelines/multidag_cl/context_w5_tav_stable_candidate.yaml,multidag_cl,unified,iemocap,causal_context,legacy_mmgcn_features,stability_ablation,pipeline,Batch 7,NO,NO,YES,YES,NO,CLEAR,NO,medium,high,Content-derived classification; no YAML move or edit in Phase 4A.
configs/smoke/causal_dialoguegcn_iemocap_synthetic.yaml,configs/dialoguegcn/unified/synthetic/causal_context/synthetic/audit_fixture.yaml,dialoguegcn,unified,synthetic,causal_context,synthetic,smoke,model,Batch 1,NO,NO,NO,NO,NO,CLEAR,NO,low,high,Content-derived classification; no YAML move or edit in Phase 4A.
configs/smoke/causal_gsmcc_iemocap_synthetic.yaml,configs/gsmcc/project_variant/synthetic/causal_context/synthetic/audit_fixture.yaml,gsmcc,project_variant,synthetic,causal_context,synthetic,smoke,model,Batch 1,NO,NO,NO,NO,NO,CLEAR,NO,high,high,Content-derived classification; no YAML move or edit in Phase 4A.
configs/smoke/original_repro/dialoguegcn_clean.yaml,configs/dialoguegcn/paper_aligned/iemocap/full_context/clean_roberta_features/smoke.yaml,dialoguegcn,paper_aligned,iemocap,full_context,clean_roberta_features,smoke,model,Batch 1,NO,NO,NO,YES,NO,CLEAR,NO,low,high,Content-derived classification; no YAML move or edit in Phase 4A.
configs/smoke/original_repro/dialoguegcn_legacy.yaml,configs/dialoguegcn/paper_aligned/iemocap/full_context/legacy_mmgcn_features/smoke.yaml,dialoguegcn,paper_aligned,iemocap,full_context,legacy_mmgcn_features,smoke,model,Batch 1,NO,NO,NO,YES,NO,CLEAR,NO,low,high,Content-derived classification; no YAML move or edit in Phase 4A.
configs/smoke/original_repro/gsmcc_clean.yaml,configs/gsmcc/project_variant/iemocap/full_context/clean_roberta_features/smoke.yaml,gsmcc,project_variant,iemocap,full_context,clean_roberta_features,smoke,model,Batch 5,NO,NO,NO,YES,NO,CLEAR,NO,high,high,Content-derived classification; no YAML move or edit in Phase 4A.
configs/smoke/original_repro/gsmcc_legacy.yaml,configs/gsmcc/project_variant/iemocap/full_context/legacy_mmgcn_features/smoke.yaml,gsmcc,project_variant,iemocap,full_context,legacy_mmgcn_features,smoke,model,Batch 5,NO,NO,NO,YES,NO,CLEAR,NO,high,high,Content-derived classification; no YAML move or edit in Phase 4A.
configs/smoke/original_repro/mmgcn_clean.yaml,configs/mmgcn/paper_aligned/iemocap/full_context/clean_roberta_features/smoke.yaml,mmgcn,paper_aligned,iemocap,full_context,clean_roberta_features,smoke,model,Batch 1,NO,NO,NO,YES,NO,CLEAR,NO,low,high,Content-derived classification; no YAML move or edit in Phase 4A.
configs/smoke/original_repro/mmgcn_legacy.yaml,configs/mmgcn/paper_aligned/iemocap/full_context/legacy_mmgcn_features/smoke.yaml,mmgcn,paper_aligned,iemocap,full_context,legacy_mmgcn_features,smoke,model,Batch 1,NO,NO,YES,YES,NO,CLEAR,NO,low,high,Content-derived classification; no YAML move or edit in Phase 4A.
configs/smoke/original_repro/multidag_cl_clean.yaml,configs/multidag_cl/paper_aligned/iemocap/full_context/clean_roberta_features/smoke.yaml,multidag_cl,paper_aligned,iemocap,full_context,clean_roberta_features,smoke,model,Batch 1,NO,NO,NO,YES,NO,CLEAR,NO,low,high,Content-derived classification; no YAML move or edit in Phase 4A.
configs/smoke/original_repro/multidag_cl_legacy.yaml,configs/multidag_cl/paper_aligned/iemocap/full_context/legacy_mmgcn_features/smoke.yaml,multidag_cl,paper_aligned,iemocap,full_context,legacy_mmgcn_features,smoke,model,Batch 1,NO,NO,NO,YES,NO,CLEAR,NO,low,high,Content-derived classification; no YAML move or edit in Phase 4A.
configs/smoke/train_causal_dialoguegcn_end_to_end.yaml,configs/dialoguegcn/unified/synthetic/causal_context/synthetic/smoke_end_to_end.yaml,dialoguegcn,unified,synthetic,causal_context,synthetic,smoke,model,Batch 1,NO,YES,NO,NO,NO,CLEAR,NO,low,high,Content-derived classification; no YAML move or edit in Phase 4A.
configs/smoke/train_causal_dialoguegcn_iemocap_real_2epoch.yaml,configs/dialoguegcn/unified/iemocap/causal_context/legacy_mmgcn_features/smoke_real_2epoch.yaml,dialoguegcn,unified,iemocap,causal_context,legacy_mmgcn_features,smoke,model,Batch 1,NO,NO,YES,NO,NO,CLEAR,NO,low,high,Content-derived classification; no YAML move or edit in Phase 4A.
configs/smoke/train_causal_gsmcc_end_to_end.yaml,configs/gsmcc/project_variant/synthetic/causal_context/synthetic/smoke_end_to_end.yaml,gsmcc,project_variant,synthetic,causal_context,synthetic,smoke,model,Batch 1,NO,YES,NO,NO,NO,CLEAR,NO,high,high,Content-derived classification; no YAML move or edit in Phase 4A.
configs/smoke/train_causal_gsmcc_iemocap_real_2epoch.yaml,configs/gsmcc/project_variant/iemocap/causal_context/legacy_mmgcn_features/smoke_real_2epoch.yaml,gsmcc,project_variant,iemocap,causal_context,legacy_mmgcn_features,smoke,model,Batch 5,NO,NO,YES,NO,NO,CLEAR,NO,high,high,Content-derived classification; no YAML move or edit in Phase 4A.
configs/smoke/train_mmgcn_smoke.yaml,configs/mmgcn/unified/synthetic/full_context/synthetic/smoke.yaml,mmgcn,unified,synthetic,full_context,synthetic,smoke,model,Batch 1,NO,NO,YES,NO,NO,CLEAR,NO,low,high,Content-derived classification; no YAML move or edit in Phase 4A.
configs/smoke/train_multidag_cl_smoke.yaml,configs/multidag_cl/unified/synthetic/causal_context/synthetic/smoke.yaml,multidag_cl,unified,synthetic,causal_context,synthetic,smoke,model,Batch 1,YES,NO,NO,NO,NO,CLEAR,NO,low,high,Content-derived classification; no YAML move or edit in Phase 4A.
configs/train_mmgcn_iemocap_official.yaml,configs/mmgcn/unified/iemocap/full_context/legacy_mmgcn_features/val_official_prefix.yaml,mmgcn,unified,iemocap,full_context,legacy_mmgcn_features,formal,model,Batch 2,NO,NO,YES,YES,NO,CLEAR,NO,medium,high,Content-derived classification; no YAML move or edit in Phase 4A.
configs/train_mmgcn_m3ed.yaml,configs/mmgcn/unified/m3ed/full_context/m3ed_features/skeleton.yaml,mmgcn,unified,m3ed,full_context,m3ed_features,development,model,Batch 2,YES,NO,YES,YES,NO,CLEAR,NO,medium,high,Content-derived classification; no YAML move or edit in Phase 4A.
configs/train_mmgcn_m3ed_causal.yaml,configs/mmgcn/unified/m3ed/causal_context/m3ed_features/skeleton.yaml,mmgcn,unified,m3ed,causal_context,m3ed_features,development,model,Batch 2,NO,YES,YES,NO,NO,CLEAR,NO,medium,high,Content-derived classification; no YAML move or edit in Phase 4A.
configs/train_simple_mlp_m3ed.yaml,configs/simple_mlp/unified/m3ed/full_context/m3ed_features/development.yaml,simple_mlp,unified,m3ed,full_context,m3ed_features,development,model,Batch 1,YES,NO,YES,NO,NO,CLEAR,NO,medium,high,Content-derived classification; no YAML move or edit in Phase 4A.
