old_path,new_path,layout_role,benchmark_family,model,implementation,provenance,dataset,context_mode,feature_set,purpose,scope,is_ablation,is_smoke,is_formal,is_modality_missing,is_project_variant,is_paper_aligned,is_official,ablation_variable,controlled_variables_sha256,pre_move_sha256,post_move_sha256,yaml_content_changed,approved_changed_keys,active_reference_count,test_reference_count,doc_reference_count,yaml_reference_count,status,notes
configs/baselines/multidag_cl/iemocap/formal/context_past_all_causal_tav.yaml,configs/multidag_cl/unified/iemocap/causal_context/legacy_mmgcn_features/context_past_all_causal_tav.yaml,model_scoped_ablation,NOT_APPLICABLE,multidag_cl,unified,unified,iemocap,causal_context,legacy_mmgcn_features,context_ablation,model,YES,NO,YES,NO,NO,NO,NO,"{""graph.context_mode"":""past_all_causal""}",fa2eab9bb00e3e35668e63e11a9aed9d2b1210d2e403cf8c3230455ec5870c13,f2d30a2f0b3f662aba7f1f12b1e812f643f8628a688889b0a4204f47200e8042,f2d30a2f0b3f662aba7f1f12b1e812f643f8628a688889b0a4204f47200e8042,NO,,1,0,0,1,MOVED,Moved with git mv to the exact planned Batch 6 canonical path; byte content preserved; active references audited.
configs/baselines/multidag_cl/iemocap/formal/context_w0_tav.yaml,configs/multidag_cl/unified/iemocap/causal_context/legacy_mmgcn_features/context_w0_tav.yaml,model_scoped_ablation,NOT_APPLICABLE,multidag_cl,unified,unified,iemocap,causal_context,legacy_mmgcn_features,context_ablation,model,YES,NO,YES,NO,NO,NO,NO,"{""graph.context_mode"":""causal"",""graph.window_past"":0}",82fe967f13bc8e9d248a6b496d740c288dfd16a813a1a02f9aebaa0c6f4c56f8,40c8aec4f975424278131d3c85e6d60fdb16a297f09b8fafbf1abfc8296c4215,40c8aec4f975424278131d3c85e6d60fdb16a297f09b8fafbf1abfc8296c4215,NO,,1,0,0,1,MOVED,Moved with git mv to the exact planned Batch 6 canonical path; byte content preserved; active references audited.
configs/baselines/multidag_cl/iemocap/formal/context_w1_tav.yaml,configs/multidag_cl/unified/iemocap/causal_context/legacy_mmgcn_features/context_w1_tav.yaml,model_scoped_ablation,NOT_APPLICABLE,multidag_cl,unified,unified,iemocap,causal_context,legacy_mmgcn_features,context_ablation,model,YES,NO,YES,NO,NO,NO,NO,"{""graph.context_mode"":""causal"",""graph.window_past"":1}",a01995a5ed102f0b4d43136ea6c333dcc24874051685fbed6cdccd46e674610b,54ed38fe5df32004fa7e4cbc161dbd1a5d64fa5a37ee343b89d285d0aaafde7f,54ed38fe5df32004fa7e4cbc161dbd1a5d64fa5a37ee343b89d285d0aaafde7f,NO,,1,0,0,1,MOVED,Moved with git mv to the exact planned Batch 6 canonical path; byte content preserved; active references audited.
configs/baselines/multidag_cl/iemocap/formal/context_w3_tav.yaml,configs/multidag_cl/unified/iemocap/causal_context/legacy_mmgcn_features/context_w3_tav.yaml,model_scoped_ablation,NOT_APPLICABLE,multidag_cl,unified,unified,iemocap,causal_context,legacy_mmgcn_features,context_ablation,model,YES,NO,YES,NO,NO,NO,NO,"{""graph.context_mode"":""causal"",""graph.window_past"":3}",e98ae90e00474459dda8e83546f18045fee839122ad0950a256a91d122e8e722,cfea84afd7188722229dbd953d1a7179dc30212a2116647c9b6f2ec13975958d,cfea84afd7188722229dbd953d1a7179dc30212a2116647c9b6f2ec13975958d,NO,,1,0,0,1,MOVED,Moved with git mv to the exact planned Batch 6 canonical path; byte content preserved; active references audited.
configs/baselines/multidag_cl/iemocap/formal/context_w5_tav.yaml,configs/multidag_cl/unified/iemocap/causal_context/legacy_mmgcn_features/context_w5_tav.yaml,model_scoped_ablation,NOT_APPLICABLE,multidag_cl,unified,unified,iemocap,causal_context,legacy_mmgcn_features,context_ablation,model,YES,NO,YES,NO,NO,NO,NO,"{""graph.context_mode"":""causal"",""graph.window_past"":5}",93c53acab4337f594715db563cd2acff227f115eed92b9473e64456190d610e6,abab64e3f5032a2ded897498714b232514ed6373e848e76c2c83bb6fccfcce99,abab64e3f5032a2ded897498714b232514ed6373e848e76c2c83bb6fccfcce99,NO,,2,0,0,1,MOVED,Moved with git mv to the exact planned Batch 6 canonical path; byte content preserved; active references audited.
configs/baselines/multidag_cl/iemocap/formal/modality_w5_a.yaml,configs/multidag_cl/unified/iemocap/causal_context/legacy_mmgcn_features/modality_w5_a.yaml,model_scoped_ablation,NOT_APPLICABLE,multidag_cl,unified,unified,iemocap,causal_context,legacy_mmgcn_features,modality_ablation,model,YES,NO,YES,NO,NO,NO,NO,"{""model.active_modalities"":[""audio""]}",e875e4d7e6d580ec1b3d6c9c5663beac58e95f78df8d054448b7d42f47be5c9c,f78f9306d179fd1cb54769fb35aa0a48d42328bdfccfc0653075d5580e9b6669,f78f9306d179fd1cb54769fb35aa0a48d42328bdfccfc0653075d5580e9b6669,NO,,1,0,0,1,MOVED,Moved with git mv to the exact planned Batch 6 canonical path; byte content preserved; active references audited.
configs/baselines/multidag_cl/iemocap/formal/modality_w5_av.yaml,configs/multidag_cl/unified/iemocap/causal_context/legacy_mmgcn_features/modality_w5_av.yaml,model_scoped_ablation,NOT_APPLICABLE,multidag_cl,unified,unified,iemocap,causal_context,legacy_mmgcn_features,modality_ablation,model,YES,NO,YES,NO,NO,NO,NO,"{""model.active_modalities"":[""audio"",""visual""]}",09e826fffe347e34e58bf0f67dde87532c37c6bcac253f402d359aa210bb88a0,33378d5771aeb05800045744aed889c7ca213e011d95054ec13b575db34dabfe,33378d5771aeb05800045744aed889c7ca213e011d95054ec13b575db34dabfe,NO,,1,0,0,1,MOVED,Moved with git mv to the exact planned Batch 6 canonical path; byte content preserved; active references audited.
configs/baselines/multidag_cl/iemocap/formal/modality_w5_t.yaml,configs/multidag_cl/unified/iemocap/causal_context/legacy_mmgcn_features/modality_w5_t.yaml,model_scoped_ablation,NOT_APPLICABLE,multidag_cl,unified,unified,iemocap,causal_context,legacy_mmgcn_features,modality_ablation,model,YES,NO,YES,NO,NO,NO,NO,"{""model.active_modalities"":[""text""]}",3e554335f8e70e737c78a7b3af37a95b7267a9b57db2ce0c8c3fa6d3fde73e9c,d54bfef065d8de068373b74c8e08fed4cc5af69073ff9abb4fa9da93745d57e9,d54bfef065d8de068373b74c8e08fed4cc5af69073ff9abb4fa9da93745d57e9,NO,,1,0,0,1,MOVED,Moved with git mv to the exact planned Batch 6 canonical path; byte content preserved; active references audited.
configs/baselines/multidag_cl/iemocap/formal/modality_w5_ta.yaml,configs/multidag_cl/unified/iemocap/causal_context/legacy_mmgcn_features/modality_w5_ta.yaml,model_scoped_ablation,NOT_APPLICABLE,multidag_cl,unified,unified,iemocap,causal_context,legacy_mmgcn_features,modality_ablation,model,YES,NO,YES,NO,NO,NO,NO,"{""model.active_modalities"":[""text"",""audio""]}",2bb93e3ef06bf7277362d8541f85cc6641539d07e3debdf9724f89244fcb2fcd,69c7dac69624fe069cec8914f93df3a154518bdac484074f41eebb8195b32fed,69c7dac69624fe069cec8914f93df3a154518bdac484074f41eebb8195b32fed,NO,,1,0,0,1,MOVED,Moved with git mv to the exact planned Batch 6 canonical path; byte content preserved; active references audited.
configs/baselines/multidag_cl/iemocap/formal/modality_w5_tav.yaml,configs/multidag_cl/unified/iemocap/causal_context/legacy_mmgcn_features/modality_w5_tav.yaml,model_scoped_ablation,NOT_APPLICABLE,multidag_cl,unified,unified,iemocap,causal_context,legacy_mmgcn_features,modality_ablation,model,YES,NO,YES,NO,NO,NO,NO,"{""model.active_modalities"":[""text"",""audio"",""visual""]}",afc488151c4d2fdc45ae75d6699129f30949de00a77e5f9fd03ab23c9212bbe6,8412e1788490fe22538d64c5126b2fcbf4cf29e71146c74d7a4e648cc873d1e0,8412e1788490fe22538d64c5126b2fcbf4cf29e71146c74d7a4e648cc873d1e0,NO,,1,0,0,1,MOVED,Moved with git mv to the exact planned Batch 6 canonical path; byte content preserved; active references audited.
configs/baselines/multidag_cl/iemocap/formal/modality_w5_tv.yaml,configs/multidag_cl/unified/iemocap/causal_context/legacy_mmgcn_features/modality_w5_tv.yaml,model_scoped_ablation,NOT_APPLICABLE,multidag_cl,unified,unified,iemocap,causal_context,legacy_mmgcn_features,modality_ablation,model,YES,NO,YES,NO,NO,NO,NO,"{""model.active_modalities"":[""text"",""visual""]}",563c54386902abc3ad33644d962348b209b1763cd9c5aafdc35f62a1221b872d,e96c1ffe26db1b7fa7e7dde168413886483f51092564491f915373e1eab40634,e96c1ffe26db1b7fa7e7dde168413886483f51092564491f915373e1eab40634,NO,,1,0,0,1,MOVED,Moved with git mv to the exact planned Batch 6 canonical path; byte content preserved; active references audited.
configs/baselines/multidag_cl/iemocap/formal/modality_w5_v.yaml,configs/multidag_cl/unified/iemocap/causal_context/legacy_mmgcn_features/modality_w5_v.yaml,model_scoped_ablation,NOT_APPLICABLE,multidag_cl,unified,unified,iemocap,causal_context,legacy_mmgcn_features,modality_ablation,model,YES,NO,YES,NO,NO,NO,NO,"{""model.active_modalities"":[""visual""]}",c6a5e7629edf6acaf9acfb287b2b1e89cc8e4a139f3c625e080fd3f4fa89f6c5,7fca92809f7862b92617f1cb3d9175b1d7dd7906653c852a42bff64a9542533c,7fca92809f7862b92617f1cb3d9175b1d7dd7906653c852a42bff64a9542533c,NO,,1,0,0,1,MOVED,Moved with git mv to the exact planned Batch 6 canonical path; byte content preserved; active references audited.
configs/baselines/multidag_cl/iemocap/loss_stability/context_w5_tav_stable_lr3e4_cosine.yaml,configs/multidag_cl/unified/iemocap/causal_context/legacy_mmgcn_features/context_w5_tav_stable_lr3e4_cosine.yaml,model_scoped_ablation,NOT_APPLICABLE,multidag_cl,unified,unified,iemocap,causal_context,legacy_mmgcn_features,stability_ablation,model,YES,NO,NO,NO,NO,NO,NO,"{""graph"":{""context_mode"":""causal"",""window_past"":5},""model"":{""active_modalities"":[""text"",""audio"",""visual""],""audio_feature_dim"":1582,""dropout"":0.2,""hidden_dim"":128,""modality_encoder_layers"":1,""modality_encoder_type"":""causal_gru"",""name"":""MultiDAGCL"",""num_classes"":6,""num_graph_layers"":1,""num_speakers"":2,""text_feature_dim"":100,""visual_feature_dim"":342},""profile"":""context_w5_tav_stable_lr3e4_cosine"",""training"":{""batch_size"":8,""early_stopping"":{""enabled"":false},""epochs"":30,""grad_clip"":1.0,""loss"":{""class_weights"":""none"",""label_smoothing"":0.0},""lr"":0.0003,""max_train_batches"":null,""max_val_batches"":null,""num_workers"":0,""scheduler"":{""eta_min"":1e-06,""t_max"":30,""type"":""cosine""},""select_best_by"":""val_weighted_f1"",""weight_decay"":0.0001}}",170d3d396be7e4817c613537d0e4406bcea029fe234fba0021100aa322261206,6369469cc508562fe22428473b5074d7daaa3fd2d71995f61f4108d332fdb718,6369469cc508562fe22428473b5074d7daaa3fd2d71995f61f4108d332fdb718,NO,,1,0,0,1,MOVED,Moved with git mv to the exact planned Batch 6 canonical path; byte content preserved; active references audited.
configs/baselines/multidag_cl/iemocap/loss_stability/context_w5_tav_stable_lr3e4_earlystop_valloss.yaml,configs/multidag_cl/unified/iemocap/causal_context/legacy_mmgcn_features/context_w5_tav_stable_lr3e4_earlystop_valloss.yaml,model_scoped_ablation,NOT_APPLICABLE,multidag_cl,unified,unified,iemocap,causal_context,legacy_mmgcn_features,stability_ablation,model,YES,NO,NO,NO,NO,NO,NO,"{""graph"":{""context_mode"":""causal"",""window_past"":5},""model"":{""active_modalities"":[""text"",""audio"",""visual""],""audio_feature_dim"":1582,""dropout"":0.2,""hidden_dim"":128,""modality_encoder_layers"":1,""modality_encoder_type"":""causal_gru"",""name"":""MultiDAGCL"",""num_classes"":6,""num_graph_layers"":1,""num_speakers"":2,""text_feature_dim"":100,""visual_feature_dim"":342},""profile"":""context_w5_tav_stable_lr3e4_earlystop_valloss"",""training"":{""batch_size"":8,""early_stopping"":{""enabled"":true,""min_delta"":0.0,""mode"":""min"",""monitor"":""val_loss"",""patience"":8},""epochs"":30,""grad_clip"":1.0,""loss"":{""class_weights"":""none"",""label_smoothing"":0.0},""lr"":0.0003,""max_train_batches"":null,""max_val_batches"":null,""num_workers"":0,""scheduler"":{""type"":""none""},""select_best_by"":""val_weighted_f1"",""weight_decay"":0.0001}}",fbb5eb5a9b4da364d9899940ef29542b2adce61dddc074c609805b78c311d200,3ae8c43b1a7819b8e518778cd2b2bd131293aa8b28297641efabd256a4e0b55b,3ae8c43b1a7819b8e518778cd2b2bd131293aa8b28297641efabd256a4e0b55b,NO,,1,0,0,1,MOVED,Moved with git mv to the exact planned Batch 6 canonical path; byte content preserved; active references audited.
configs/baselines/multidag_cl/iemocap/loss_stability/context_w5_tav_stable_lr3e4_label_smoothing005.yaml,configs/multidag_cl/unified/iemocap/causal_context/legacy_mmgcn_features/context_w5_tav_stable_lr3e4_label_smoothing005.yaml,model_scoped_ablation,NOT_APPLICABLE,multidag_cl,unified,unified,iemocap,causal_context,legacy_mmgcn_features,stability_ablation,model,YES,NO,NO,NO,NO,NO,NO,"{""graph"":{""context_mode"":""causal"",""window_past"":5},""model"":{""active_modalities"":[""text"",""audio"",""visual""],""audio_feature_dim"":1582,""dropout"":0.2,""hidden_dim"":128,""modality_encoder_layers"":1,""modality_encoder_type"":""causal_gru"",""name"":""MultiDAGCL"",""num_classes"":6,""num_graph_layers"":1,""num_speakers"":2,""text_feature_dim"":100,""visual_feature_dim"":342},""profile"":""context_w5_tav_stable_lr3e4_label_smoothing005"",""training"":{""batch_size"":8,""early_stopping"":{""enabled"":false},""epochs"":30,""grad_clip"":1.0,""loss"":{""class_weights"":""none"",""label_smoothing"":0.05},""lr"":0.0003,""max_train_batches"":null,""max_val_batches"":null,""num_workers"":0,""scheduler"":{""type"":""none""},""select_best_by"":""val_weighted_f1"",""weight_decay"":0.0001}}",fbf748518dd8559a55114b5bf3ee9357db1bccec6766e06cf307f9ca2cb8a319,4ccdb3e80523e7d6449f20b9421796f51f041a8c4b6fe0411d73fdf0e84b3ced,4ccdb3e80523e7d6449f20b9421796f51f041a8c4b6fe0411d73fdf0e84b3ced,NO,,1,0,0,1,MOVED,Moved with git mv to the exact planned Batch 6 canonical path; byte content preserved; active references audited.
configs/baselines/multidag_cl/iemocap/loss_stability/context_w5_tav_stable_lr3e4_plateau_valloss.yaml,configs/multidag_cl/unified/iemocap/causal_context/legacy_mmgcn_features/context_w5_tav_stable_lr3e4_plateau_valloss.yaml,model_scoped_ablation,NOT_APPLICABLE,multidag_cl,unified,unified,iemocap,causal_context,legacy_mmgcn_features,stability_ablation,model,YES,NO,NO,NO,NO,NO,NO,"{""graph"":{""context_mode"":""causal"",""window_past"":5},""model"":{""active_modalities"":[""text"",""audio"",""visual""],""audio_feature_dim"":1582,""dropout"":0.2,""hidden_dim"":128,""modality_encoder_layers"":1,""modality_encoder_type"":""causal_gru"",""name"":""MultiDAGCL"",""num_classes"":6,""num_graph_layers"":1,""num_speakers"":2,""text_feature_dim"":100,""visual_feature_dim"":342},""profile"":""context_w5_tav_stable_lr3e4_plateau_valloss"",""training"":{""batch_size"":8,""early_stopping"":{""enabled"":false},""epochs"":30,""grad_clip"":1.0,""loss"":{""class_weights"":""none"",""label_smoothing"":0.0},""lr"":0.0003,""max_train_batches"":null,""max_val_batches"":null,""num_workers"":0,""scheduler"":{""factor"":0.5,""min_lr"":1e-06,""mode"":""min"",""monitor"":""val_loss"",""patience"":3,""type"":""reduce_on_plateau""},""select_best_by"":""val_weighted_f1"",""weight_decay"":0.0001}}",cd92dbb228dad070ba721c5c325b1d83aea167aea2a3811da3a03f38f168a9c3,6a0385225702ba3eb96d1c7bad5170f484378810178b78c90e8ae31d2eb30d75,6a0385225702ba3eb96d1c7bad5170f484378810178b78c90e8ae31d2eb30d75,NO,,1,0,0,1,MOVED,Moved with git mv to the exact planned Batch 6 canonical path; byte content preserved; active references audited.
configs/baselines/multidag_cl/iemocap/loss_stability/context_w5_tav_stable_lr5e4_plateau_valloss.yaml,configs/multidag_cl/unified/iemocap/causal_context/legacy_mmgcn_features/context_w5_tav_stable_lr5e4_plateau_valloss.yaml,model_scoped_ablation,NOT_APPLICABLE,multidag_cl,unified,unified,iemocap,causal_context,legacy_mmgcn_features,stability_ablation,model,YES,NO,NO,NO,NO,NO,NO,"{""graph"":{""context_mode"":""causal"",""window_past"":5},""model"":{""active_modalities"":[""text"",""audio"",""visual""],""audio_feature_dim"":1582,""dropout"":0.2,""hidden_dim"":128,""modality_encoder_layers"":1,""modality_encoder_type"":""causal_gru"",""name"":""MultiDAGCL"",""num_classes"":6,""num_graph_layers"":1,""num_speakers"":2,""text_feature_dim"":100,""visual_feature_dim"":342},""profile"":""context_w5_tav_stable_lr5e4_plateau_valloss"",""training"":{""batch_size"":8,""early_stopping"":{""enabled"":false},""epochs"":30,""grad_clip"":1.0,""loss"":{""class_weights"":""none"",""label_smoothing"":0.0},""lr"":0.0005,""max_train_batches"":null,""max_val_batches"":null,""num_workers"":0,""scheduler"":{""factor"":0.5,""min_lr"":1e-06,""mode"":""min"",""monitor"":""val_loss"",""patience"":3,""type"":""reduce_on_plateau""},""select_best_by"":""val_weighted_f1"",""weight_decay"":0.0001}}",bd43959a6198a783aede7ea280a2e0fde0f25707b1f0d28b79cbf4d6b34a115b,24628e2bb7c6471246cb32f780b573a2fc31aa0dc92a52d7342ccf121a48ad63,24628e2bb7c6471246cb32f780b573a2fc31aa0dc92a52d7342ccf121a48ad63,NO,,1,0,0,1,MOVED,Moved with git mv to the exact planned Batch 6 canonical path; byte content preserved; active references audited.
configs/baselines/multidag_cl/iemocap/stabilize/context_past_all_causal_tav_stable_candidate.yaml,configs/multidag_cl/unified/iemocap/causal_context/legacy_mmgcn_features/context_past_all_causal_tav_stable_candidate.yaml,model_scoped_ablation,NOT_APPLICABLE,multidag_cl,unified,unified,iemocap,causal_context,legacy_mmgcn_features,stability_ablation,model,YES,NO,NO,NO,NO,NO,NO,"{""graph"":{""context_mode"":""past_all_causal"",""window_past"":null},""model"":{""active_modalities"":[""text"",""audio"",""visual""],""audio_feature_dim"":1582,""dropout"":0.2,""hidden_dim"":128,""modality_encoder_layers"":1,""modality_encoder_type"":""causal_gru"",""name"":""MultiDAGCL"",""num_classes"":6,""num_graph_layers"":1,""num_speakers"":2,""text_feature_dim"":100,""visual_feature_dim"":342},""profile"":""context_past_all_causal_tav_stable_candidate"",""training"":{""batch_size"":8,""epochs"":30,""grad_clip"":1.0,""lr"":0.0005,""max_train_batches"":null,""max_val_batches"":null,""num_workers"":0,""select_best_by"":""val_weighted_f1"",""weight_decay"":0.0001}}",0a2c96147f17ebc3fbc3ccc5d643896d59e478f222657cde42c4bb4b99b26304,f68453903caedc04871b6b60b022157bf7ed3ce134e5237d3c8d603cf654637d,f68453903caedc04871b6b60b022157bf7ed3ce134e5237d3c8d603cf654637d,NO,,1,0,0,1,MOVED,Moved with git mv to the exact planned Batch 6 canonical path; byte content preserved; active references audited.
configs/baselines/multidag_cl/iemocap/stabilize/context_w0_tav_stable_candidate.yaml,configs/multidag_cl/unified/iemocap/causal_context/legacy_mmgcn_features/context_w0_tav_stable_candidate.yaml,model_scoped_ablation,NOT_APPLICABLE,multidag_cl,unified,unified,iemocap,causal_context,legacy_mmgcn_features,stability_ablation,model,YES,NO,NO,NO,NO,NO,NO,"{""graph"":{""context_mode"":""causal"",""window_past"":0},""model"":{""active_modalities"":[""text"",""audio"",""visual""],""audio_feature_dim"":1582,""dropout"":0.2,""hidden_dim"":128,""modality_encoder_layers"":1,""modality_encoder_type"":""causal_gru"",""name"":""MultiDAGCL"",""num_classes"":6,""num_graph_layers"":1,""num_speakers"":2,""text_feature_dim"":100,""visual_feature_dim"":342},""profile"":""context_w0_tav_stable_candidate"",""training"":{""batch_size"":8,""epochs"":30,""grad_clip"":1.0,""lr"":0.0005,""max_train_batches"":null,""max_val_batches"":null,""num_workers"":0,""select_best_by"":""val_weighted_f1"",""weight_decay"":0.0001}}",8936a3b95a4e5154b6b947fb7a8114d469c42d9b44c78fe98c4227617ae1513b,90a6f2f1abfa57d4be8d86b00ea163cd6b0874bc09a1450ecedd3ce9a7ba7c6e,90a6f2f1abfa57d4be8d86b00ea163cd6b0874bc09a1450ecedd3ce9a7ba7c6e,NO,,1,0,0,1,MOVED,Moved with git mv to the exact planned Batch 6 canonical path; byte content preserved; active references audited.
configs/baselines/multidag_cl/iemocap/stabilize/context_w3_tav_stable_candidate.yaml,configs/multidag_cl/unified/iemocap/causal_context/legacy_mmgcn_features/context_w3_tav_stable_candidate.yaml,model_scoped_ablation,NOT_APPLICABLE,multidag_cl,unified,unified,iemocap,causal_context,legacy_mmgcn_features,stability_ablation,model,YES,NO,NO,NO,NO,NO,NO,"{""graph"":{""context_mode"":""causal"",""window_past"":3},""model"":{""active_modalities"":[""text"",""audio"",""visual""],""audio_feature_dim"":1582,""dropout"":0.2,""hidden_dim"":128,""modality_encoder_layers"":1,""modality_encoder_type"":""causal_gru"",""name"":""MultiDAGCL"",""num_classes"":6,""num_graph_layers"":1,""num_speakers"":2,""text_feature_dim"":100,""visual_feature_dim"":342},""profile"":""context_w3_tav_stable_candidate"",""training"":{""batch_size"":8,""epochs"":30,""grad_clip"":1.0,""lr"":0.0005,""max_train_batches"":null,""max_val_batches"":null,""num_workers"":0,""select_best_by"":""val_weighted_f1"",""weight_decay"":0.0001}}",bdc54a35e6611e4f38eef885bbabbb6cab3cb7c3a5ee083ffe5ffdc77a23ca26,2b3229f0d84a419014569745c69053a4c7a11ac6b347ad6ceb910c676b16f660,2b3229f0d84a419014569745c69053a4c7a11ac6b347ad6ceb910c676b16f660,NO,,1,0,0,1,MOVED,Moved with git mv to the exact planned Batch 6 canonical path; byte content preserved; active references audited.
configs/baselines/multidag_cl/iemocap/stabilize/context_w5_tav_dropout01.yaml,configs/multidag_cl/unified/iemocap/causal_context/legacy_mmgcn_features/context_w5_tav_dropout01.yaml,model_scoped_ablation,NOT_APPLICABLE,multidag_cl,unified,unified,iemocap,causal_context,legacy_mmgcn_features,stability_ablation,model,YES,NO,NO,NO,NO,NO,NO,"{""graph"":{""context_mode"":""causal"",""window_past"":5},""model"":{""active_modalities"":[""text"",""audio"",""visual""],""audio_feature_dim"":1582,""dropout"":0.1,""hidden_dim"":128,""modality_encoder_layers"":1,""modality_encoder_type"":""causal_gru"",""name"":""MultiDAGCL"",""num_classes"":6,""num_graph_layers"":2,""num_speakers"":2,""text_feature_dim"":100,""visual_feature_dim"":342},""profile"":""context_w5_tav_dropout01"",""training"":{""batch_size"":8,""epochs"":30,""grad_clip"":1.0,""lr"":0.001,""max_train_batches"":null,""max_val_batches"":null,""num_workers"":0,""select_best_by"":""val_weighted_f1"",""weight_decay"":0.0001}}",abef47c83c76666c898e073720cb36b05ffb6d11eb62c353db569eb76423115c,bcd82b0736825f23dd5eabee9fad70fea0c19d87b28d017936bdf7ae23ebc995,bcd82b0736825f23dd5eabee9fad70fea0c19d87b28d017936bdf7ae23ebc995,NO,,1,0,0,1,MOVED,Moved with git mv to the exact planned Batch 6 canonical path; byte content preserved; active references audited.
configs/baselines/multidag_cl/iemocap/stabilize/context_w5_tav_dropout02.yaml,configs/multidag_cl/unified/iemocap/causal_context/legacy_mmgcn_features/context_w5_tav_dropout02.yaml,model_scoped_ablation,NOT_APPLICABLE,multidag_cl,unified,unified,iemocap,causal_context,legacy_mmgcn_features,stability_ablation,model,YES,NO,NO,NO,NO,NO,NO,"{""graph"":{""context_mode"":""causal"",""window_past"":5},""model"":{""active_modalities"":[""text"",""audio"",""visual""],""audio_feature_dim"":1582,""dropout"":0.2,""hidden_dim"":128,""modality_encoder_layers"":1,""modality_encoder_type"":""causal_gru"",""name"":""MultiDAGCL"",""num_classes"":6,""num_graph_layers"":2,""num_speakers"":2,""text_feature_dim"":100,""visual_feature_dim"":342},""profile"":""context_w5_tav_dropout02"",""training"":{""batch_size"":8,""epochs"":30,""grad_clip"":1.0,""lr"":0.001,""max_train_batches"":null,""max_val_batches"":null,""num_workers"":0,""select_best_by"":""val_weighted_f1"",""weight_decay"":0.0001}}",32fc8ab147e1665fffbfe45f9bd34ec0d872800e72a1853644ebfb9fbd72cbd0,dc676620d2bc950abcd6d5a9f6f207180e7812c92edb4df7bbcba8499f545b2e,dc676620d2bc950abcd6d5a9f6f207180e7812c92edb4df7bbcba8499f545b2e,NO,,1,0,0,1,MOVED,Moved with git mv to the exact planned Batch 6 canonical path; byte content preserved; active references audited.
configs/baselines/multidag_cl/iemocap/stabilize/context_w5_tav_graph1.yaml,configs/multidag_cl/unified/iemocap/causal_context/legacy_mmgcn_features/context_w5_tav_graph1.yaml,model_scoped_ablation,NOT_APPLICABLE,multidag_cl,unified,unified,iemocap,causal_context,legacy_mmgcn_features,stability_ablation,model,YES,NO,NO,NO,NO,NO,NO,"{""graph"":{""context_mode"":""causal"",""window_past"":5},""model"":{""active_modalities"":[""text"",""audio"",""visual""],""audio_feature_dim"":1582,""dropout"":0.3,""hidden_dim"":128,""modality_encoder_layers"":1,""modality_encoder_type"":""causal_gru"",""name"":""MultiDAGCL"",""num_classes"":6,""num_graph_layers"":1,""num_speakers"":2,""text_feature_dim"":100,""visual_feature_dim"":342},""profile"":""context_w5_tav_graph1"",""training"":{""batch_size"":8,""epochs"":30,""grad_clip"":1.0,""lr"":0.001,""max_train_batches"":null,""max_val_batches"":null,""num_workers"":0,""select_best_by"":""val_weighted_f1"",""weight_decay"":0.0001}}",28745f5367c504ff909b14d59b3b90ba21aa09ea703893c386ec49585fee7585,d6be11f9eac0cf1dd90ec64322bbaab4d0f8a67ff3bafe0306a623fccb3249ef,d6be11f9eac0cf1dd90ec64322bbaab4d0f8a67ff3bafe0306a623fccb3249ef,NO,,1,0,0,1,MOVED,Moved with git mv to the exact planned Batch 6 canonical path; byte content preserved; active references audited.
configs/baselines/multidag_cl/iemocap/stabilize/context_w5_tav_linear_encoder.yaml,configs/multidag_cl/unified/iemocap/causal_context/legacy_mmgcn_features/context_w5_tav_linear_encoder.yaml,model_scoped_ablation,NOT_APPLICABLE,multidag_cl,unified,unified,iemocap,causal_context,legacy_mmgcn_features,stability_ablation,model,YES,NO,NO,NO,NO,NO,NO,"{""graph"":{""context_mode"":""causal"",""window_past"":5},""model"":{""active_modalities"":[""text"",""audio"",""visual""],""audio_feature_dim"":1582,""dropout"":0.3,""hidden_dim"":128,""modality_encoder_layers"":1,""modality_encoder_type"":""linear"",""name"":""MultiDAGCL"",""num_classes"":6,""num_graph_layers"":2,""num_speakers"":2,""text_feature_dim"":100,""visual_feature_dim"":342},""profile"":""context_w5_tav_linear_encoder"",""training"":{""batch_size"":8,""epochs"":30,""grad_clip"":1.0,""lr"":0.001,""max_train_batches"":null,""max_val_batches"":null,""num_workers"":0,""select_best_by"":""val_weighted_f1"",""weight_decay"":0.0001}}",ecf922067887922a7d3dfbf4105c84e3dc730540d67973400a150c31701e0aae,e2d906159da7170b402d04416435d9511a35d86f71f3b19ae1b4e7a3cef2ee3b,e2d906159da7170b402d04416435d9511a35d86f71f3b19ae1b4e7a3cef2ee3b,NO,,1,0,0,1,MOVED,Moved with git mv to the exact planned Batch 6 canonical path; byte content preserved; active references audited.
configs/baselines/multidag_cl/iemocap/stabilize/context_w5_tav_lr3e4.yaml,configs/multidag_cl/unified/iemocap/causal_context/legacy_mmgcn_features/context_w5_tav_lr3e4.yaml,model_scoped_ablation,NOT_APPLICABLE,multidag_cl,unified,unified,iemocap,causal_context,legacy_mmgcn_features,stability_ablation,model,YES,NO,NO,NO,NO,NO,NO,"{""graph"":{""context_mode"":""causal"",""window_past"":5},""model"":{""active_modalities"":[""text"",""audio"",""visual""],""audio_feature_dim"":1582,""dropout"":0.3,""hidden_dim"":128,""modality_encoder_layers"":1,""modality_encoder_type"":""causal_gru"",""name"":""MultiDAGCL"",""num_classes"":6,""num_graph_layers"":2,""num_speakers"":2,""text_feature_dim"":100,""visual_feature_dim"":342},""profile"":""context_w5_tav_lr3e4"",""training"":{""batch_size"":8,""epochs"":30,""grad_clip"":1.0,""lr"":0.0003,""max_train_batches"":null,""max_val_batches"":null,""num_workers"":0,""select_best_by"":""val_weighted_f1"",""weight_decay"":0.0001}}",a3c12ad966009c2eb1f41e44b27e0bed70c4514fbe64611f383e5cba3fbd0887,795f467dfc0309bfa632a93ca88e5d738383dc13571bd026063af9a2dcf2ca1d,795f467dfc0309bfa632a93ca88e5d738383dc13571bd026063af9a2dcf2ca1d,NO,,1,0,0,1,MOVED,Moved with git mv to the exact planned Batch 6 canonical path; byte content preserved; active references audited.
configs/baselines/multidag_cl/iemocap/stabilize/context_w5_tav_lr5e4.yaml,configs/multidag_cl/unified/iemocap/causal_context/legacy_mmgcn_features/context_w5_tav_lr5e4.yaml,model_scoped_ablation,NOT_APPLICABLE,multidag_cl,unified,unified,iemocap,causal_context,legacy_mmgcn_features,stability_ablation,model,YES,NO,NO,NO,NO,NO,NO,"{""graph"":{""context_mode"":""causal"",""window_past"":5},""model"":{""active_modalities"":[""text"",""audio"",""visual""],""audio_feature_dim"":1582,""dropout"":0.3,""hidden_dim"":128,""modality_encoder_layers"":1,""modality_encoder_type"":""causal_gru"",""name"":""MultiDAGCL"",""num_classes"":6,""num_graph_layers"":2,""num_speakers"":2,""text_feature_dim"":100,""visual_feature_dim"":342},""profile"":""context_w5_tav_lr5e4"",""training"":{""batch_size"":8,""epochs"":30,""grad_clip"":1.0,""lr"":0.0005,""max_train_batches"":null,""max_val_batches"":null,""num_workers"":0,""select_best_by"":""val_weighted_f1"",""weight_decay"":0.0001}}",490fb1815e99ea251e7dd576f2a9b858e30db1d4f7f16a5782c3d88c7791faff,07b0755eef881f493f850e1c7574372b04395d03deb0523358c208835d40b718,07b0755eef881f493f850e1c7574372b04395d03deb0523358c208835d40b718,NO,,1,0,0,1,MOVED,Moved with git mv to the exact planned Batch 6 canonical path; byte content preserved; active references audited.
configs/baselines/multidag_cl/iemocap/stabilize/context_w5_tav_stable_candidate.yaml,configs/multidag_cl/unified/iemocap/causal_context/legacy_mmgcn_features/context_w5_tav_stable_candidate.yaml,model_scoped_ablation,NOT_APPLICABLE,multidag_cl,unified,unified,iemocap,causal_context,legacy_mmgcn_features,stability_ablation,model,YES,NO,NO,NO,NO,NO,NO,"{""graph"":{""context_mode"":""causal"",""window_past"":5},""model"":{""active_modalities"":[""text"",""audio"",""visual""],""audio_feature_dim"":1582,""dropout"":0.2,""hidden_dim"":128,""modality_encoder_layers"":1,""modality_encoder_type"":""causal_gru"",""name"":""MultiDAGCL"",""num_classes"":6,""num_graph_layers"":1,""num_speakers"":2,""text_feature_dim"":100,""visual_feature_dim"":342},""profile"":""context_w5_tav_stable_candidate"",""training"":{""batch_size"":8,""epochs"":30,""grad_clip"":1.0,""lr"":0.0005,""max_train_batches"":null,""max_val_batches"":null,""num_workers"":0,""select_best_by"":""val_weighted_f1"",""weight_decay"":0.0001}}",031ef47dd7f95ca10061623e44a7bfc50a6ce6ebbb8611ebde52fc1b50d1f0be,d6dca7181692d4e653f9bfb110682b3377b9eb985fff3ed1c5ab43440eb714b4,d6dca7181692d4e653f9bfb110682b3377b9eb985fff3ed1c5ab43440eb714b4,NO,,1,0,0,1,MOVED,Moved with git mv to the exact planned Batch 6 canonical path; byte content preserved; active references audited.
configs/experiments/iemocap_clean_roberta_v1_8run.yaml,configs/benchmarks/causal_unified/iemocap_clean_roberta_eight_run.yaml,cross_model_benchmark,causal_unified,,unified,unified,iemocap,causal_context,clean_roberta_features,formal,benchmark,NO,NO,YES,NO,NO,NO,NO,null,8569cbe2c087b96d49829e5e67e5c2995bd3066bea1e364c2ed876a9bb3ded1c,4dffbac70f5429f1c3185a1d268403bbefc40b42cbe28e48fbbaee2138ed60c0,4dffbac70f5429f1c3185a1d268403bbefc40b42cbe28e48fbbaee2138ed60c0,NO,,1,1,0,0,MOVED,Moved with git mv to the exact planned Batch 6 canonical path; byte content preserved; active references audited.
configs/experiments/original_merc/pipeline_manifest.yaml,configs/benchmarks/original_merc/pipeline_manifest.yaml,cross_model_benchmark,original_merc,,,paper_aligned_and_project_variant,iemocap,full_context,,formal,benchmark,NO,NO,YES,NO,NO,NO,NO,null,2128b4df5657279d2f4e9cf73057570e1d2e597fc003990b28e5363efc6160ce,780813c0abe73899048d86ed4f630fda13f095dd0ce53659a9c386aa569c5e8b,780813c0abe73899048d86ed4f630fda13f095dd0ce53659a9c386aa569c5e8b,NO,,2,0,0,0,MOVED,Moved with git mv to the exact planned Batch 6 canonical path; byte content preserved; active references audited.
configs/modality_ablation/m3ed/mmgcn/train_mmgcn_m3ed_A.yaml,configs/mmgcn/unified/m3ed/full_context/m3ed_features/modality_ablation_a.yaml,model_scoped_ablation,NOT_APPLICABLE,mmgcn,unified,unified,m3ed,full_context,m3ed_features,modality_ablation,model,YES,NO,NO,NO,NO,NO,NO,"{""modality.active_modalities"":[""audio""],""notes.modality_ablation.setting"":""A""}",51af1d0f96c2888fdd3ac6e714b5e5261994f4287db555e59596bac0d6152a92,46716785600087ef6ff7f258b6901be3f71bf17746b977282872e2966db5f425,46716785600087ef6ff7f258b6901be3f71bf17746b977282872e2966db5f425,NO,,0,0,0,0,MOVED,Moved with git mv to the exact planned Batch 6 canonical path; byte content preserved; active references audited.
configs/modality_ablation/m3ed/mmgcn/train_mmgcn_m3ed_AV.yaml,configs/mmgcn/unified/m3ed/full_context/m3ed_features/modality_ablation_av.yaml,model_scoped_ablation,NOT_APPLICABLE,mmgcn,unified,unified,m3ed,full_context,m3ed_features,modality_ablation,model,YES,NO,NO,NO,NO,NO,NO,"{""modality.active_modalities"":[""audio"",""visual""],""notes.modality_ablation.setting"":""AV""}",1489ec8d84f504c9b609cc5309813832bff2f8a5df38da37533ab999bde00e18,2cdc61de8cda2c9390383b60e29b368aa70f48af71483db3750d7f4c8a96ac03,2cdc61de8cda2c9390383b60e29b368aa70f48af71483db3750d7f4c8a96ac03,NO,,0,0,0,0,MOVED,Moved with git mv to the exact planned Batch 6 canonical path; byte content preserved; active references audited.
configs/modality_ablation/m3ed/mmgcn/train_mmgcn_m3ed_T.yaml,configs/mmgcn/unified/m3ed/full_context/m3ed_features/modality_ablation_t.yaml,model_scoped_ablation,NOT_APPLICABLE,mmgcn,unified,unified,m3ed,full_context,m3ed_features,modality_ablation,model,YES,NO,NO,NO,NO,NO,NO,"{""modality.active_modalities"":[""text""],""notes.modality_ablation.setting"":""T""}",196a5b746c5c016de9e07a02a9b3c5da6dfd44f15773020588169a115b1a6a9a,8af23aeebd78e8506682040149e9b584142f1c4a7aa88f48d4769a887f2f8230,8af23aeebd78e8506682040149e9b584142f1c4a7aa88f48d4769a887f2f8230,NO,,0,0,0,0,MOVED,Moved with git mv to the exact planned Batch 6 canonical path; byte content preserved; active references audited.
configs/modality_ablation/m3ed/mmgcn/train_mmgcn_m3ed_TA.yaml,configs/mmgcn/unified/m3ed/full_context/m3ed_features/modality_ablation_ta.yaml,model_scoped_ablation,NOT_APPLICABLE,mmgcn,unified,unified,m3ed,full_context,m3ed_features,modality_ablation,model,YES,NO,NO,NO,NO,NO,NO,"{""modality.active_modalities"":[""text"",""audio""],""notes.modality_ablation.setting"":""TA""}",cbe0d8485a88453d753a60d7b03b267e4054a5f14e0e1c94f01811b1ff96bb01,95745d0d443509f973fd810050522241b7eb54c7212a66057a3203ea5873d7e1,95745d0d443509f973fd810050522241b7eb54c7212a66057a3203ea5873d7e1,NO,,0,0,0,0,MOVED,Moved with git mv to the exact planned Batch 6 canonical path; byte content preserved; active references audited.
configs/modality_ablation/m3ed/mmgcn/train_mmgcn_m3ed_TAV.yaml,configs/mmgcn/unified/m3ed/full_context/m3ed_features/modality_ablation_tav.yaml,model_scoped_ablation,NOT_APPLICABLE,mmgcn,unified,unified,m3ed,full_context,m3ed_features,modality_ablation,model,YES,NO,NO,NO,NO,NO,NO,"{""modality.active_modalities"":[""text"",""audio"",""visual""],""notes.modality_ablation.setting"":""TAV""}",43af0b3e681a810d9692315f740df4037a654bbb3bbf3053156276ed144e4478,f5d125eabb6a84577e7124dcbb7fd8a050783d67901a7bd7260b3c1836644574,f5d125eabb6a84577e7124dcbb7fd8a050783d67901a7bd7260b3c1836644574,NO,,0,0,0,0,MOVED,Moved with git mv to the exact planned Batch 6 canonical path; byte content preserved; active references audited.
configs/modality_ablation/m3ed/mmgcn/train_mmgcn_m3ed_TV.yaml,configs/mmgcn/unified/m3ed/full_context/m3ed_features/modality_ablation_tv.yaml,model_scoped_ablation,NOT_APPLICABLE,mmgcn,unified,unified,m3ed,full_context,m3ed_features,modality_ablation,model,YES,NO,NO,NO,NO,NO,NO,"{""modality.active_modalities"":[""text"",""visual""],""notes.modality_ablation.setting"":""TV""}",d92df900729e78c6b931b2faf3c66840ce6b42255d0e6d0eb836baf2edffa64b,3283051bba0cabdb40d21e66d5a9b642fd21db27b8e6fbe61fc6fcc6be606d5b,3283051bba0cabdb40d21e66d5a9b642fd21db27b8e6fbe61fc6fcc6be606d5b,NO,,0,0,0,0,MOVED,Moved with git mv to the exact planned Batch 6 canonical path; byte content preserved; active references audited.
configs/modality_ablation/m3ed/mmgcn/train_mmgcn_m3ed_V.yaml,configs/mmgcn/unified/m3ed/full_context/m3ed_features/modality_ablation_v.yaml,model_scoped_ablation,NOT_APPLICABLE,mmgcn,unified,unified,m3ed,full_context,m3ed_features,modality_ablation,model,YES,NO,NO,NO,NO,NO,NO,"{""modality.active_modalities"":[""visual""],""notes.modality_ablation.setting"":""V""}",2cad682384a2090c771264c4b228e803d6090d8a058a280b45a915f011ed001f,55272f357b9af9ebb151ab9df2b7679f685450a8240e30695e7476add78eb6e7,55272f357b9af9ebb151ab9df2b7679f685450a8240e30695e7476add78eb6e7,NO,,0,0,0,0,MOVED,Moved with git mv to the exact planned Batch 6 canonical path; byte content preserved; active references audited.
configs/modality_ablation/train_mmgcn_iemocap_official_TA_smoke.yaml,configs/mmgcn/unified/iemocap/full_context/legacy_mmgcn_features/modality_ablation_smoke.yaml,model_scoped_ablation,NOT_APPLICABLE,mmgcn,unified,unified,iemocap,full_context,legacy_mmgcn_features,modality_ablation,model,YES,YES,NO,NO,NO,NO,NO,"{""modality.active_modalities"":[""text"",""audio""]}",60f31229d39d11a1845d3d016aea60717e81b4d857900f5e9449bb6dee1dcec7,aff708c531ab0f60cc000ab4e74146ffbbb7917fe73d295cf2a0d95e97035d23,aff708c531ab0f60cc000ab4e74146ffbbb7917fe73d295cf2a0d95e97035d23,NO,,0,0,0,0,MOVED,Moved with git mv to the exact planned Batch 6 canonical path; byte content preserved; active references audited.
