old_config_path,new_config_path,source_file,source_line,reference_type,historical_reference,requires_update,updated,remaining_reference_allowed,notes
configs/pipeline/multidag_cl/iemocap/stabilize/context_w5_tav_stable_candidate.yaml,configs/benchmarks/ablations/stability/pipelines/multidag_cl/context_w5_tav_stable_candidate.yaml,configs/benchmarks/ablations/analysis/multidag_cl/loss_stability_w5_compare.yaml,9,yaml_reference,NO,YES,YES,NO,Active reference updated to the exact Batch 7 canonical path.
configs/pipeline/multidag_cl/iemocap/loss_stability/context_w5_tav_stable_lr3e4_plateau_valloss.yaml,configs/benchmarks/ablations/stability/pipelines/multidag_cl/context_w5_tav_stable_lr3e4_plateau_valloss.yaml,configs/benchmarks/ablations/analysis/multidag_cl/loss_stability_w5_compare.yaml,12,yaml_reference,NO,YES,YES,NO,Active reference updated to the exact Batch 7 canonical path.
configs/pipeline/multidag_cl/iemocap/loss_stability/context_w5_tav_stable_lr5e4_plateau_valloss.yaml,configs/benchmarks/ablations/stability/pipelines/multidag_cl/context_w5_tav_stable_lr5e4_plateau_valloss.yaml,configs/benchmarks/ablations/analysis/multidag_cl/loss_stability_w5_compare.yaml,15,yaml_reference,NO,YES,YES,NO,Active reference updated to the exact Batch 7 canonical path.
configs/pipeline/multidag_cl/iemocap/loss_stability/context_w5_tav_stable_lr3e4_cosine.yaml,configs/benchmarks/ablations/stability/pipelines/multidag_cl/context_w5_tav_stable_lr3e4_cosine.yaml,configs/benchmarks/ablations/analysis/multidag_cl/loss_stability_w5_compare.yaml,18,yaml_reference,NO,YES,YES,NO,Active reference updated to the exact Batch 7 canonical path.
configs/pipeline/multidag_cl/iemocap/loss_stability/context_w5_tav_stable_lr3e4_label_smoothing005.yaml,configs/benchmarks/ablations/stability/pipelines/multidag_cl/context_w5_tav_stable_lr3e4_label_smoothing005.yaml,configs/benchmarks/ablations/analysis/multidag_cl/loss_stability_w5_compare.yaml,21,yaml_reference,NO,YES,YES,NO,Active reference updated to the exact Batch 7 canonical path.
configs/pipeline/multidag_cl/iemocap/loss_stability/context_w5_tav_stable_lr3e4_earlystop_valloss.yaml,configs/benchmarks/ablations/stability/pipelines/multidag_cl/context_w5_tav_stable_lr3e4_earlystop_valloss.yaml,configs/benchmarks/ablations/analysis/multidag_cl/loss_stability_w5_compare.yaml,24,yaml_reference,NO,YES,YES,NO,Active reference updated to the exact Batch 7 canonical path.
configs/pipeline/mmgcn/iemocap/clean_roberta_v1/val_ses01.yaml,configs/benchmarks/causal_unified/pipelines/mmgcn/clean_roberta_features/val_ses01.yaml,configs/benchmarks/causal_unified/iemocap_clean_roberta_eight_run.yaml,49,yaml_reference,NO,YES,YES,NO,Active reference updated to the exact Batch 7 canonical path.
configs/pipeline/mmgcn/iemocap/clean_roberta_v1/val_ses02.yaml,configs/benchmarks/causal_unified/pipelines/mmgcn/clean_roberta_features/val_ses02.yaml,configs/benchmarks/causal_unified/iemocap_clean_roberta_eight_run.yaml,62,yaml_reference,NO,YES,YES,NO,Active reference updated to the exact Batch 7 canonical path.
configs/pipeline/mmgcn/iemocap/clean_roberta_v1/val_ses03.yaml,configs/benchmarks/causal_unified/pipelines/mmgcn/clean_roberta_features/val_ses03.yaml,configs/benchmarks/causal_unified/iemocap_clean_roberta_eight_run.yaml,75,yaml_reference,NO,YES,YES,NO,Active reference updated to the exact Batch 7 canonical path.
configs/pipeline/mmgcn/iemocap/clean_roberta_v1/val_ses04.yaml,configs/benchmarks/causal_unified/pipelines/mmgcn/clean_roberta_features/val_ses04.yaml,configs/benchmarks/causal_unified/iemocap_clean_roberta_eight_run.yaml,88,yaml_reference,NO,YES,YES,NO,Active reference updated to the exact Batch 7 canonical path.
configs/pipeline/multidag_cl/iemocap/clean_roberta_v1/val_ses01.yaml,configs/benchmarks/causal_unified/pipelines/multidag_cl/clean_roberta_features/val_ses01.yaml,configs/benchmarks/causal_unified/iemocap_clean_roberta_eight_run.yaml,101,yaml_reference,NO,YES,YES,NO,Active reference updated to the exact Batch 7 canonical path.
configs/pipeline/multidag_cl/iemocap/clean_roberta_v1/val_ses02.yaml,configs/benchmarks/causal_unified/pipelines/multidag_cl/clean_roberta_features/val_ses02.yaml,configs/benchmarks/causal_unified/iemocap_clean_roberta_eight_run.yaml,114,yaml_reference,NO,YES,YES,NO,Active reference updated to the exact Batch 7 canonical path.
configs/pipeline/multidag_cl/iemocap/clean_roberta_v1/val_ses03.yaml,configs/benchmarks/causal_unified/pipelines/multidag_cl/clean_roberta_features/val_ses03.yaml,configs/benchmarks/causal_unified/iemocap_clean_roberta_eight_run.yaml,127,yaml_reference,NO,YES,YES,NO,Active reference updated to the exact Batch 7 canonical path.
configs/pipeline/multidag_cl/iemocap/clean_roberta_v1/val_ses04.yaml,configs/benchmarks/causal_unified/pipelines/multidag_cl/clean_roberta_features/val_ses04.yaml,configs/benchmarks/causal_unified/iemocap_clean_roberta_eight_run.yaml,140,yaml_reference,NO,YES,YES,NO,Active reference updated to the exact Batch 7 canonical path.
configs/pipeline/mmgcn/iemocap/causal_benchmark/val_ses01.yaml,configs/benchmarks/causal_unified/pipelines/mmgcn/legacy_mmgcn_features/val_ses01.yaml,configs/benchmarks/causal_unified/pipelines/mmgcn/clean_roberta_features/val_ses01.yaml,69,yaml_reference,NO,YES,YES,NO,Active reference updated to the exact Batch 7 canonical path.
configs/pipeline/mmgcn/iemocap/causal_benchmark/val_ses02.yaml,configs/benchmarks/causal_unified/pipelines/mmgcn/legacy_mmgcn_features/val_ses02.yaml,configs/benchmarks/causal_unified/pipelines/mmgcn/clean_roberta_features/val_ses02.yaml,69,yaml_reference,NO,YES,YES,NO,Active reference updated to the exact Batch 7 canonical path.
configs/pipeline/mmgcn/iemocap/causal_benchmark/val_ses03.yaml,configs/benchmarks/causal_unified/pipelines/mmgcn/legacy_mmgcn_features/val_ses03.yaml,configs/benchmarks/causal_unified/pipelines/mmgcn/clean_roberta_features/val_ses03.yaml,69,yaml_reference,NO,YES,YES,NO,Active reference updated to the exact Batch 7 canonical path.
configs/pipeline/mmgcn/iemocap/causal_benchmark/val_ses04.yaml,configs/benchmarks/causal_unified/pipelines/mmgcn/legacy_mmgcn_features/val_ses04.yaml,configs/benchmarks/causal_unified/pipelines/mmgcn/clean_roberta_features/val_ses04.yaml,69,yaml_reference,NO,YES,YES,NO,Active reference updated to the exact Batch 7 canonical path.
configs/analysis/multi_run_training_curves.yaml,configs/benchmarks/paper/analysis/multi_run_curves.yaml,configs/benchmarks/ablations/missing_modality/pipelines/mmgcn/legacy_mmgcn_features/mmgcn_pipeline.yaml,24,yaml_reference,NO,YES,YES,NO,Active reference updated to the exact Batch 7 canonical path.
configs/analysis/multi_run_final_analysis.yaml,configs/benchmarks/paper/analysis/multi_run_metrics.yaml,configs/benchmarks/ablations/missing_modality/pipelines/mmgcn/legacy_mmgcn_features/mmgcn_pipeline.yaml,27,yaml_reference,NO,YES,YES,NO,Active reference updated to the exact Batch 7 canonical path.
configs/analysis/multi_run_training_curves.yaml,configs/benchmarks/paper/analysis/multi_run_curves.yaml,configs/benchmarks/paper/pipelines/mmgcn_pipeline_analyze.yaml,31,yaml_reference,NO,YES,YES,NO,Active reference updated to the exact Batch 7 canonical path.
configs/analysis/multi_run_final_analysis.yaml,configs/benchmarks/paper/analysis/multi_run_metrics.yaml,configs/benchmarks/paper/pipelines/mmgcn_pipeline_analyze.yaml,35,yaml_reference,NO,YES,YES,NO,Active reference updated to the exact Batch 7 canonical path.
configs/analysis/multi_run_training_curves.yaml,configs/benchmarks/paper/analysis/multi_run_curves.yaml,configs/benchmarks/ablations/missing_modality/pipelines/mmgcn/m3ed_features/mmgcn_pipeline_m3ed.yaml,24,yaml_reference,NO,YES,YES,NO,Active reference updated to the exact Batch 7 canonical path.
configs/analysis/multi_run_final_analysis.yaml,configs/benchmarks/paper/analysis/multi_run_metrics.yaml,configs/benchmarks/ablations/missing_modality/pipelines/mmgcn/m3ed_features/mmgcn_pipeline_m3ed.yaml,27,yaml_reference,NO,YES,YES,NO,Active reference updated to the exact Batch 7 canonical path.
configs/pipeline/multidag_cl/iemocap/causal_benchmark/val_ses01.yaml,configs/benchmarks/causal_unified/pipelines/multidag_cl/legacy_mmgcn_features/val_ses01.yaml,configs/benchmarks/causal_unified/pipelines/multidag_cl/clean_roberta_features/val_ses01.yaml,69,yaml_reference,NO,YES,YES,NO,Active reference updated to the exact Batch 7 canonical path.
configs/pipeline/multidag_cl/iemocap/causal_benchmark/val_ses02.yaml,configs/benchmarks/causal_unified/pipelines/multidag_cl/legacy_mmgcn_features/val_ses02.yaml,configs/benchmarks/causal_unified/pipelines/multidag_cl/clean_roberta_features/val_ses02.yaml,69,yaml_reference,NO,YES,YES,NO,Active reference updated to the exact Batch 7 canonical path.
configs/pipeline/multidag_cl/iemocap/causal_benchmark/val_ses03.yaml,configs/benchmarks/causal_unified/pipelines/multidag_cl/legacy_mmgcn_features/val_ses03.yaml,configs/benchmarks/causal_unified/pipelines/multidag_cl/clean_roberta_features/val_ses03.yaml,69,yaml_reference,NO,YES,YES,NO,Active reference updated to the exact Batch 7 canonical path.
configs/pipeline/multidag_cl/iemocap/causal_benchmark/val_ses04.yaml,configs/benchmarks/causal_unified/pipelines/multidag_cl/legacy_mmgcn_features/val_ses04.yaml,configs/benchmarks/causal_unified/pipelines/multidag_cl/clean_roberta_features/val_ses04.yaml,69,yaml_reference,NO,YES,YES,NO,Active reference updated to the exact Batch 7 canonical path.
configs/analysis/causal_benchmark_8run_review.yaml,configs/benchmarks/causal_unified/analysis/eight_run_review.yaml,docs/baselines/causal_benchmark_review_tool_notes.md,5,historical_doc,YES,NO,NO,YES,Frozen historical Phase 4A reference retained unchanged.
configs/analysis/causal_benchmark_8run_review.yaml,configs/benchmarks/causal_unified/analysis/eight_run_review.yaml,docs/baselines/causal_benchmark_review_tool_notes.md,15,historical_doc,YES,NO,NO,YES,Frozen historical Phase 4A reference retained unchanged.
configs/analysis/causal_benchmark_8run_review.yaml,configs/benchmarks/causal_unified/analysis/eight_run_review.yaml,docs/baselines/causal_benchmark_review_tool_notes.md,22,historical_doc,YES,NO,NO,YES,Frozen historical Phase 4A reference retained unchanged.
configs/analysis/multi_run_final_analysis.yaml,configs/benchmarks/paper/analysis/multi_run_metrics.yaml,docs/baselines/configs_cleanup_audit.md,18,historical_doc,YES,NO,NO,YES,Frozen historical Phase 4A reference retained unchanged.
configs/analysis/multi_run_training_curves.yaml,configs/benchmarks/paper/analysis/multi_run_curves.yaml,docs/baselines/configs_cleanup_audit.md,19,historical_doc,YES,NO,NO,YES,Frozen historical Phase 4A reference retained unchanged.
configs/analysis/multidag_cl/iemocap/context_compare.yaml,configs/benchmarks/ablations/analysis/multidag_cl/context_compare.yaml,docs/baselines/configs_cleanup_audit.md,20,historical_doc,YES,NO,NO,YES,Frozen historical Phase 4A reference retained unchanged.
configs/analysis/multidag_cl/iemocap/core_results_compare.yaml,configs/benchmarks/paper/analysis/multidag_cl/core_results_compare.yaml,docs/baselines/configs_cleanup_audit.md,21,historical_doc,YES,NO,NO,YES,Frozen historical Phase 4A reference retained unchanged.
configs/analysis/multidag_cl/iemocap/modality_compare.yaml,configs/benchmarks/ablations/analysis/multidag_cl/modality_compare.yaml,docs/baselines/configs_cleanup_audit.md,22,historical_doc,YES,NO,NO,YES,Frozen historical Phase 4A reference retained unchanged.
configs/analysis/multidag_cl/iemocap/stabilization_20260709_compare.yaml,configs/benchmarks/ablations/analysis/multidag_cl/stabilization_compare_20260709.yaml,docs/baselines/configs_cleanup_audit.md,23,historical_doc,YES,NO,NO,YES,Frozen historical Phase 4A reference retained unchanged.
configs/pipeline/mmgcn_pipeline.yaml,configs/benchmarks/ablations/missing_modality/pipelines/mmgcn/legacy_mmgcn_features/mmgcn_pipeline.yaml,docs/baselines/configs_cleanup_audit.md,72,historical_doc,YES,NO,NO,YES,Frozen historical Phase 4A reference retained unchanged.
configs/pipeline/mmgcn_pipeline_analyze.yaml,configs/benchmarks/paper/pipelines/mmgcn_pipeline_analyze.yaml,docs/baselines/configs_cleanup_audit.md,73,historical_doc,YES,NO,NO,YES,Frozen historical Phase 4A reference retained unchanged.
configs/pipeline/mmgcn_pipeline_m3ed.yaml,configs/benchmarks/ablations/missing_modality/pipelines/mmgcn/m3ed_features/mmgcn_pipeline_m3ed.yaml,docs/baselines/configs_cleanup_audit.md,74,historical_doc,YES,NO,NO,YES,Frozen historical Phase 4A reference retained unchanged.
configs/pipeline/multidag_cl/iemocap/debug/context_past_all_causal_tav_smoke.yaml,configs/benchmarks/causal_unified/pipelines/multidag_cl/legacy_mmgcn_features/context_past_all_causal_tav_smoke.yaml,docs/baselines/configs_cleanup_audit.md,75,historical_doc,YES,NO,NO,YES,Frozen historical Phase 4A reference retained unchanged.
configs/pipeline/multidag_cl/iemocap/debug/context_w5_tav_quick.yaml,configs/benchmarks/causal_unified/pipelines/multidag_cl/legacy_mmgcn_features/context_w5_tav_quick.yaml,docs/baselines/configs_cleanup_audit.md,76,historical_doc,YES,NO,NO,YES,Frozen historical Phase 4A reference retained unchanged.
configs/pipeline/multidag_cl/iemocap/debug/context_w5_tav_smoke.yaml,configs/benchmarks/causal_unified/pipelines/multidag_cl/legacy_mmgcn_features/context_w5_tav_smoke.yaml,docs/baselines/configs_cleanup_audit.md,77,historical_doc,YES,NO,NO,YES,Frozen historical Phase 4A reference retained unchanged.
configs/pipeline/multidag_cl/iemocap/formal/context_past_all_causal_tav.yaml,configs/benchmarks/ablations/context/pipelines/multidag_cl/context_past_all_causal_tav.yaml,docs/baselines/configs_cleanup_audit.md,78,historical_doc,YES,NO,NO,YES,Frozen historical Phase 4A reference retained unchanged.
configs/pipeline/multidag_cl/iemocap/formal/context_w0_tav.yaml,configs/benchmarks/ablations/context/pipelines/multidag_cl/context_w0_tav.yaml,docs/baselines/configs_cleanup_audit.md,79,historical_doc,YES,NO,NO,YES,Frozen historical Phase 4A reference retained unchanged.
configs/pipeline/multidag_cl/iemocap/formal/context_w1_tav.yaml,configs/benchmarks/ablations/context/pipelines/multidag_cl/context_w1_tav.yaml,docs/baselines/configs_cleanup_audit.md,80,historical_doc,YES,NO,NO,YES,Frozen historical Phase 4A reference retained unchanged.
configs/pipeline/multidag_cl/iemocap/formal/context_w3_tav.yaml,configs/benchmarks/ablations/context/pipelines/multidag_cl/context_w3_tav.yaml,docs/baselines/configs_cleanup_audit.md,81,historical_doc,YES,NO,NO,YES,Frozen historical Phase 4A reference retained unchanged.
configs/pipeline/multidag_cl/iemocap/formal/context_w5_tav.yaml,configs/benchmarks/ablations/context/pipelines/multidag_cl/context_w5_tav.yaml,docs/baselines/configs_cleanup_audit.md,82,historical_doc,YES,NO,NO,YES,Frozen historical Phase 4A reference retained unchanged.
configs/pipeline/multidag_cl/iemocap/formal/modality_w5_a.yaml,configs/benchmarks/ablations/modality/pipelines/multidag_cl/modality_w5_a.yaml,docs/baselines/configs_cleanup_audit.md,83,historical_doc,YES,NO,NO,YES,Frozen historical Phase 4A reference retained unchanged.
configs/pipeline/multidag_cl/iemocap/formal/modality_w5_av.yaml,configs/benchmarks/ablations/modality/pipelines/multidag_cl/modality_w5_av.yaml,docs/baselines/configs_cleanup_audit.md,84,historical_doc,YES,NO,NO,YES,Frozen historical Phase 4A reference retained unchanged.
configs/pipeline/multidag_cl/iemocap/formal/modality_w5_t.yaml,configs/benchmarks/ablations/modality/pipelines/multidag_cl/modality_w5_t.yaml,docs/baselines/configs_cleanup_audit.md,85,historical_doc,YES,NO,NO,YES,Frozen historical Phase 4A reference retained unchanged.
configs/pipeline/multidag_cl/iemocap/formal/modality_w5_ta.yaml,configs/benchmarks/ablations/modality/pipelines/multidag_cl/modality_w5_ta.yaml,docs/baselines/configs_cleanup_audit.md,86,historical_doc,YES,NO,NO,YES,Frozen historical Phase 4A reference retained unchanged.
configs/pipeline/multidag_cl/iemocap/formal/modality_w5_tav.yaml,configs/benchmarks/ablations/modality/pipelines/multidag_cl/modality_w5_tav.yaml,docs/baselines/configs_cleanup_audit.md,87,historical_doc,YES,NO,NO,YES,Frozen historical Phase 4A reference retained unchanged.
configs/pipeline/multidag_cl/iemocap/formal/modality_w5_tv.yaml,configs/benchmarks/ablations/modality/pipelines/multidag_cl/modality_w5_tv.yaml,docs/baselines/configs_cleanup_audit.md,88,historical_doc,YES,NO,NO,YES,Frozen historical Phase 4A reference retained unchanged.
configs/pipeline/multidag_cl/iemocap/formal/modality_w5_v.yaml,configs/benchmarks/ablations/modality/pipelines/multidag_cl/modality_w5_v.yaml,docs/baselines/configs_cleanup_audit.md,89,historical_doc,YES,NO,NO,YES,Frozen historical Phase 4A reference retained unchanged.
configs/pipeline/multidag_cl/iemocap/missing/missing_eval_from_context_w5_tav.yaml,configs/benchmarks/ablations/missing_modality/pipelines/multidag_cl/legacy_mmgcn_features/missing_eval_from_context_w5_tav.yaml,docs/baselines/configs_cleanup_audit.md,90,historical_doc,YES,NO,NO,YES,Frozen historical Phase 4A reference retained unchanged.
configs/pipeline/multidag_cl/iemocap/stabilize/context_w5_tav_dropout01.yaml,configs/benchmarks/ablations/stability/pipelines/multidag_cl/context_w5_tav_dropout01.yaml,docs/baselines/configs_cleanup_audit.md,91,historical_doc,YES,NO,NO,YES,Frozen historical Phase 4A reference retained unchanged.
configs/pipeline/multidag_cl/iemocap/stabilize/context_w5_tav_dropout02.yaml,configs/benchmarks/ablations/stability/pipelines/multidag_cl/context_w5_tav_dropout02.yaml,docs/baselines/configs_cleanup_audit.md,92,historical_doc,YES,NO,NO,YES,Frozen historical Phase 4A reference retained unchanged.
configs/pipeline/multidag_cl/iemocap/stabilize/context_w5_tav_graph1.yaml,configs/benchmarks/ablations/stability/pipelines/multidag_cl/context_w5_tav_graph1.yaml,docs/baselines/configs_cleanup_audit.md,93,historical_doc,YES,NO,NO,YES,Frozen historical Phase 4A reference retained unchanged.
configs/pipeline/multidag_cl/iemocap/stabilize/context_w5_tav_linear_encoder.yaml,configs/benchmarks/ablations/stability/pipelines/multidag_cl/context_w5_tav_linear_encoder.yaml,docs/baselines/configs_cleanup_audit.md,94,historical_doc,YES,NO,NO,YES,Frozen historical Phase 4A reference retained unchanged.
configs/pipeline/multidag_cl/iemocap/stabilize/context_w5_tav_lr3e4.yaml,configs/benchmarks/ablations/stability/pipelines/multidag_cl/context_w5_tav_lr3e4.yaml,docs/baselines/configs_cleanup_audit.md,95,historical_doc,YES,NO,NO,YES,Frozen historical Phase 4A reference retained unchanged.
configs/pipeline/multidag_cl/iemocap/stabilize/context_w5_tav_lr5e4.yaml,configs/benchmarks/ablations/stability/pipelines/multidag_cl/context_w5_tav_lr5e4.yaml,docs/baselines/configs_cleanup_audit.md,96,historical_doc,YES,NO,NO,YES,Frozen historical Phase 4A reference retained unchanged.
configs/pipeline/multidag_cl/iemocap/stabilize/context_w5_tav_stable_candidate.yaml,configs/benchmarks/ablations/stability/pipelines/multidag_cl/context_w5_tav_stable_candidate.yaml,docs/baselines/configs_cleanup_audit.md,97,historical_doc,YES,NO,NO,YES,Frozen historical Phase 4A reference retained unchanged.
configs/pipeline/multidag_cl/iemocap/debug/context_past_all_causal_tav_smoke.yaml,configs/benchmarks/causal_unified/pipelines/multidag_cl/legacy_mmgcn_features/context_past_all_causal_tav_smoke.yaml,docs/baselines/configs_cleanup_audit.md,157,historical_doc,YES,NO,NO,YES,Frozen historical Phase 4A reference retained unchanged.
configs/pipeline/multidag_cl/iemocap/debug/context_w5_tav_quick.yaml,configs/benchmarks/causal_unified/pipelines/multidag_cl/legacy_mmgcn_features/context_w5_tav_quick.yaml,docs/baselines/configs_cleanup_audit.md,158,historical_doc,YES,NO,NO,YES,Frozen historical Phase 4A reference retained unchanged.
configs/pipeline/multidag_cl/iemocap/debug/context_w5_tav_smoke.yaml,configs/benchmarks/causal_unified/pipelines/multidag_cl/legacy_mmgcn_features/context_w5_tav_smoke.yaml,docs/baselines/configs_cleanup_audit.md,159,historical_doc,YES,NO,NO,YES,Frozen historical Phase 4A reference retained unchanged.
configs/pipeline/multidag_cl/iemocap/formal/context_past_all_causal_tav.yaml,configs/benchmarks/ablations/context/pipelines/multidag_cl/context_past_all_causal_tav.yaml,docs/baselines/configs_cleanup_audit.md,160,historical_doc,YES,NO,NO,YES,Frozen historical Phase 4A reference retained unchanged.
configs/pipeline/multidag_cl/iemocap/formal/context_w0_tav.yaml,configs/benchmarks/ablations/context/pipelines/multidag_cl/context_w0_tav.yaml,docs/baselines/configs_cleanup_audit.md,161,historical_doc,YES,NO,NO,YES,Frozen historical Phase 4A reference retained unchanged.
configs/pipeline/multidag_cl/iemocap/formal/context_w1_tav.yaml,configs/benchmarks/ablations/context/pipelines/multidag_cl/context_w1_tav.yaml,docs/baselines/configs_cleanup_audit.md,162,historical_doc,YES,NO,NO,YES,Frozen historical Phase 4A reference retained unchanged.
configs/pipeline/multidag_cl/iemocap/formal/context_w3_tav.yaml,configs/benchmarks/ablations/context/pipelines/multidag_cl/context_w3_tav.yaml,docs/baselines/configs_cleanup_audit.md,163,historical_doc,YES,NO,NO,YES,Frozen historical Phase 4A reference retained unchanged.
configs/pipeline/multidag_cl/iemocap/formal/context_w5_tav.yaml,configs/benchmarks/ablations/context/pipelines/multidag_cl/context_w5_tav.yaml,docs/baselines/configs_cleanup_audit.md,164,historical_doc,YES,NO,NO,YES,Frozen historical Phase 4A reference retained unchanged.
configs/pipeline/multidag_cl/iemocap/formal/modality_w5_a.yaml,configs/benchmarks/ablations/modality/pipelines/multidag_cl/modality_w5_a.yaml,docs/baselines/configs_cleanup_audit.md,165,historical_doc,YES,NO,NO,YES,Frozen historical Phase 4A reference retained unchanged.
configs/pipeline/multidag_cl/iemocap/formal/modality_w5_av.yaml,configs/benchmarks/ablations/modality/pipelines/multidag_cl/modality_w5_av.yaml,docs/baselines/configs_cleanup_audit.md,166,historical_doc,YES,NO,NO,YES,Frozen historical Phase 4A reference retained unchanged.
configs/pipeline/multidag_cl/iemocap/formal/modality_w5_t.yaml,configs/benchmarks/ablations/modality/pipelines/multidag_cl/modality_w5_t.yaml,docs/baselines/configs_cleanup_audit.md,167,historical_doc,YES,NO,NO,YES,Frozen historical Phase 4A reference retained unchanged.
configs/pipeline/multidag_cl/iemocap/formal/modality_w5_ta.yaml,configs/benchmarks/ablations/modality/pipelines/multidag_cl/modality_w5_ta.yaml,docs/baselines/configs_cleanup_audit.md,168,historical_doc,YES,NO,NO,YES,Frozen historical Phase 4A reference retained unchanged.
configs/pipeline/multidag_cl/iemocap/formal/modality_w5_tav.yaml,configs/benchmarks/ablations/modality/pipelines/multidag_cl/modality_w5_tav.yaml,docs/baselines/configs_cleanup_audit.md,169,historical_doc,YES,NO,NO,YES,Frozen historical Phase 4A reference retained unchanged.
configs/pipeline/multidag_cl/iemocap/formal/modality_w5_tv.yaml,configs/benchmarks/ablations/modality/pipelines/multidag_cl/modality_w5_tv.yaml,docs/baselines/configs_cleanup_audit.md,170,historical_doc,YES,NO,NO,YES,Frozen historical Phase 4A reference retained unchanged.
configs/pipeline/multidag_cl/iemocap/formal/modality_w5_v.yaml,configs/benchmarks/ablations/modality/pipelines/multidag_cl/modality_w5_v.yaml,docs/baselines/configs_cleanup_audit.md,171,historical_doc,YES,NO,NO,YES,Frozen historical Phase 4A reference retained unchanged.
configs/pipeline/multidag_cl/iemocap/missing/missing_eval_from_context_w5_tav.yaml,configs/benchmarks/ablations/missing_modality/pipelines/multidag_cl/legacy_mmgcn_features/missing_eval_from_context_w5_tav.yaml,docs/baselines/configs_cleanup_audit.md,172,historical_doc,YES,NO,NO,YES,Frozen historical Phase 4A reference retained unchanged.
configs/pipeline/multidag_cl/iemocap/stabilize/context_w5_tav_dropout01.yaml,configs/benchmarks/ablations/stability/pipelines/multidag_cl/context_w5_tav_dropout01.yaml,docs/baselines/configs_cleanup_audit.md,173,historical_doc,YES,NO,NO,YES,Frozen historical Phase 4A reference retained unchanged.
configs/pipeline/multidag_cl/iemocap/stabilize/context_w5_tav_dropout02.yaml,configs/benchmarks/ablations/stability/pipelines/multidag_cl/context_w5_tav_dropout02.yaml,docs/baselines/configs_cleanup_audit.md,174,historical_doc,YES,NO,NO,YES,Frozen historical Phase 4A reference retained unchanged.
configs/pipeline/multidag_cl/iemocap/stabilize/context_w5_tav_graph1.yaml,configs/benchmarks/ablations/stability/pipelines/multidag_cl/context_w5_tav_graph1.yaml,docs/baselines/configs_cleanup_audit.md,175,historical_doc,YES,NO,NO,YES,Frozen historical Phase 4A reference retained unchanged.
configs/pipeline/multidag_cl/iemocap/stabilize/context_w5_tav_linear_encoder.yaml,configs/benchmarks/ablations/stability/pipelines/multidag_cl/context_w5_tav_linear_encoder.yaml,docs/baselines/configs_cleanup_audit.md,176,historical_doc,YES,NO,NO,YES,Frozen historical Phase 4A reference retained unchanged.
configs/pipeline/multidag_cl/iemocap/stabilize/context_w5_tav_lr3e4.yaml,configs/benchmarks/ablations/stability/pipelines/multidag_cl/context_w5_tav_lr3e4.yaml,docs/baselines/configs_cleanup_audit.md,177,historical_doc,YES,NO,NO,YES,Frozen historical Phase 4A reference retained unchanged.
configs/pipeline/multidag_cl/iemocap/stabilize/context_w5_tav_lr5e4.yaml,configs/benchmarks/ablations/stability/pipelines/multidag_cl/context_w5_tav_lr5e4.yaml,docs/baselines/configs_cleanup_audit.md,178,historical_doc,YES,NO,NO,YES,Frozen historical Phase 4A reference retained unchanged.
configs/pipeline/multidag_cl/iemocap/stabilize/context_w5_tav_stable_candidate.yaml,configs/benchmarks/ablations/stability/pipelines/multidag_cl/context_w5_tav_stable_candidate.yaml,docs/baselines/configs_cleanup_audit.md,179,historical_doc,YES,NO,NO,YES,Frozen historical Phase 4A reference retained unchanged.
configs/analysis/multi_run_final_analysis.yaml,configs/benchmarks/paper/analysis/multi_run_metrics.yaml,docs/baselines/configs_cleanup_audit.md,183,historical_doc,YES,NO,NO,YES,Frozen historical Phase 4A reference retained unchanged.
configs/analysis/multi_run_training_curves.yaml,configs/benchmarks/paper/analysis/multi_run_curves.yaml,docs/baselines/configs_cleanup_audit.md,184,historical_doc,YES,NO,NO,YES,Frozen historical Phase 4A reference retained unchanged.
configs/analysis/multidag_cl/iemocap/context_compare.yaml,configs/benchmarks/ablations/analysis/multidag_cl/context_compare.yaml,docs/baselines/configs_cleanup_audit.md,185,historical_doc,YES,NO,NO,YES,Frozen historical Phase 4A reference retained unchanged.
configs/analysis/multidag_cl/iemocap/core_results_compare.yaml,configs/benchmarks/paper/analysis/multidag_cl/core_results_compare.yaml,docs/baselines/configs_cleanup_audit.md,186,historical_doc,YES,NO,NO,YES,Frozen historical Phase 4A reference retained unchanged.
configs/analysis/multidag_cl/iemocap/modality_compare.yaml,configs/benchmarks/ablations/analysis/multidag_cl/modality_compare.yaml,docs/baselines/configs_cleanup_audit.md,187,historical_doc,YES,NO,NO,YES,Frozen historical Phase 4A reference retained unchanged.
configs/analysis/multidag_cl/iemocap/stabilization_20260709_compare.yaml,configs/benchmarks/ablations/analysis/multidag_cl/stabilization_compare_20260709.yaml,docs/baselines/configs_cleanup_audit.md,188,historical_doc,YES,NO,NO,YES,Frozen historical Phase 4A reference retained unchanged.
configs/pipeline/mmgcn_pipeline.yaml,configs/benchmarks/ablations/missing_modality/pipelines/mmgcn/legacy_mmgcn_features/mmgcn_pipeline.yaml,docs/baselines/configs_cleanup_audit.md,200,historical_doc,YES,NO,NO,YES,Frozen historical Phase 4A reference retained unchanged.
configs/pipeline/mmgcn_pipeline_analyze.yaml,configs/benchmarks/paper/pipelines/mmgcn_pipeline_analyze.yaml,docs/baselines/configs_cleanup_audit.md,201,historical_doc,YES,NO,NO,YES,Frozen historical Phase 4A reference retained unchanged.
configs/pipeline/mmgcn_pipeline_m3ed.yaml,configs/benchmarks/ablations/missing_modality/pipelines/mmgcn/m3ed_features/mmgcn_pipeline_m3ed.yaml,docs/baselines/configs_cleanup_audit.md,202,historical_doc,YES,NO,NO,YES,Frozen historical Phase 4A reference retained unchanged.
configs/pipeline/multidag_cl/iemocap/stabilize/context_w0_tav_stable_candidate.yaml,configs/benchmarks/ablations/stability/pipelines/multidag_cl/context_w0_tav_stable_candidate.yaml,docs/baselines/configs_cleanup_audit.md,222,historical_doc,YES,NO,NO,YES,Frozen historical Phase 4A reference retained unchanged.
configs/pipeline/multidag_cl/iemocap/stabilize/context_w3_tav_stable_candidate.yaml,configs/benchmarks/ablations/stability/pipelines/multidag_cl/context_w3_tav_stable_candidate.yaml,docs/baselines/configs_cleanup_audit.md,223,historical_doc,YES,NO,NO,YES,Frozen historical Phase 4A reference retained unchanged.
configs/pipeline/multidag_cl/iemocap/stabilize/context_past_all_causal_tav_stable_candidate.yaml,configs/benchmarks/ablations/stability/pipelines/multidag_cl/context_past_all_causal_tav_stable_candidate.yaml,docs/baselines/configs_cleanup_audit.md,224,historical_doc,YES,NO,NO,YES,Frozen historical Phase 4A reference retained unchanged.
configs/pipeline/multidag_cl/iemocap/missing/missing_eval_from_stable_context_w5_tav.yaml,configs/benchmarks/ablations/missing_modality/pipelines/multidag_cl/legacy_mmgcn_features/missing_eval_from_stable_context_w5_tav.yaml,docs/baselines/configs_cleanup_audit.md,225,historical_doc,YES,NO,NO,YES,Frozen historical Phase 4A reference retained unchanged.
configs/analysis/multidag_cl/iemocap/stable_context_compare.yaml,configs/benchmarks/ablations/analysis/multidag_cl/stable_context_compare.yaml,docs/baselines/configs_cleanup_audit.md,226,historical_doc,YES,NO,NO,YES,Frozen historical Phase 4A reference retained unchanged.
configs/pipeline/multidag_cl/iemocap/debug/context_w5_tav_smoke.yaml,configs/benchmarks/causal_unified/pipelines/multidag_cl/legacy_mmgcn_features/context_w5_tav_smoke.yaml,docs/baselines/configs_cleanup_audit.md,249,historical_doc,YES,NO,NO,YES,Frozen historical Phase 4A reference retained unchanged.
configs/pipeline/multidag_cl/iemocap/debug/context_past_all_causal_tav_smoke.yaml,configs/benchmarks/causal_unified/pipelines/multidag_cl/legacy_mmgcn_features/context_past_all_causal_tav_smoke.yaml,docs/baselines/configs_cleanup_audit.md,250,historical_doc,YES,NO,NO,YES,Frozen historical Phase 4A reference retained unchanged.
configs/pipeline/multidag_cl/iemocap/formal/context_w0_tav.yaml,configs/benchmarks/ablations/context/pipelines/multidag_cl/context_w0_tav.yaml,docs/baselines/configs_cleanup_audit.md,251,historical_doc,YES,NO,NO,YES,Frozen historical Phase 4A reference retained unchanged.
configs/pipeline/multidag_cl/iemocap/formal/context_w1_tav.yaml,configs/benchmarks/ablations/context/pipelines/multidag_cl/context_w1_tav.yaml,docs/baselines/configs_cleanup_audit.md,252,historical_doc,YES,NO,NO,YES,Frozen historical Phase 4A reference retained unchanged.
configs/pipeline/multidag_cl/iemocap/formal/context_w3_tav.yaml,configs/benchmarks/ablations/context/pipelines/multidag_cl/context_w3_tav.yaml,docs/baselines/configs_cleanup_audit.md,253,historical_doc,YES,NO,NO,YES,Frozen historical Phase 4A reference retained unchanged.
configs/pipeline/multidag_cl/iemocap/formal/context_w5_tav.yaml,configs/benchmarks/ablations/context/pipelines/multidag_cl/context_w5_tav.yaml,docs/baselines/configs_cleanup_audit.md,254,historical_doc,YES,NO,NO,YES,Frozen historical Phase 4A reference retained unchanged.
configs/pipeline/multidag_cl/iemocap/formal/context_past_all_causal_tav.yaml,configs/benchmarks/ablations/context/pipelines/multidag_cl/context_past_all_causal_tav.yaml,docs/baselines/configs_cleanup_audit.md,255,historical_doc,YES,NO,NO,YES,Frozen historical Phase 4A reference retained unchanged.
configs/pipeline/multidag_cl/iemocap/debug/context_w5_tav_quick.yaml,configs/benchmarks/causal_unified/pipelines/multidag_cl/legacy_mmgcn_features/context_w5_tav_quick.yaml,docs/baselines/configs_cleanup_audit.md,256,historical_doc,YES,NO,NO,YES,Frozen historical Phase 4A reference retained unchanged.
configs/pipeline/multidag_cl/iemocap/formal/modality_w5_t.yaml,configs/benchmarks/ablations/modality/pipelines/multidag_cl/modality_w5_t.yaml,docs/baselines/configs_cleanup_audit.md,257,historical_doc,YES,NO,NO,YES,Frozen historical Phase 4A reference retained unchanged.
configs/pipeline/multidag_cl/iemocap/formal/modality_w5_a.yaml,configs/benchmarks/ablations/modality/pipelines/multidag_cl/modality_w5_a.yaml,docs/baselines/configs_cleanup_audit.md,258,historical_doc,YES,NO,NO,YES,Frozen historical Phase 4A reference retained unchanged.
configs/pipeline/multidag_cl/iemocap/formal/modality_w5_v.yaml,configs/benchmarks/ablations/modality/pipelines/multidag_cl/modality_w5_v.yaml,docs/baselines/configs_cleanup_audit.md,259,historical_doc,YES,NO,NO,YES,Frozen historical Phase 4A reference retained unchanged.
configs/pipeline/multidag_cl/iemocap/formal/modality_w5_ta.yaml,configs/benchmarks/ablations/modality/pipelines/multidag_cl/modality_w5_ta.yaml,docs/baselines/configs_cleanup_audit.md,260,historical_doc,YES,NO,NO,YES,Frozen historical Phase 4A reference retained unchanged.
configs/pipeline/multidag_cl/iemocap/formal/modality_w5_tv.yaml,configs/benchmarks/ablations/modality/pipelines/multidag_cl/modality_w5_tv.yaml,docs/baselines/configs_cleanup_audit.md,261,historical_doc,YES,NO,NO,YES,Frozen historical Phase 4A reference retained unchanged.
configs/pipeline/multidag_cl/iemocap/formal/modality_w5_av.yaml,configs/benchmarks/ablations/modality/pipelines/multidag_cl/modality_w5_av.yaml,docs/baselines/configs_cleanup_audit.md,262,historical_doc,YES,NO,NO,YES,Frozen historical Phase 4A reference retained unchanged.
configs/pipeline/multidag_cl/iemocap/missing/missing_eval_from_context_w5_tav.yaml,configs/benchmarks/ablations/missing_modality/pipelines/multidag_cl/legacy_mmgcn_features/missing_eval_from_context_w5_tav.yaml,docs/baselines/configs_cleanup_audit.md,263,historical_doc,YES,NO,NO,YES,Frozen historical Phase 4A reference retained unchanged.
configs/analysis/multidag_cl/iemocap/context_compare.yaml,configs/benchmarks/ablations/analysis/multidag_cl/context_compare.yaml,docs/baselines/configs_cleanup_audit.md,267,historical_doc,YES,NO,NO,YES,Frozen historical Phase 4A reference retained unchanged.
configs/analysis/multidag_cl/iemocap/modality_compare.yaml,configs/benchmarks/ablations/analysis/multidag_cl/modality_compare.yaml,docs/baselines/configs_cleanup_audit.md,268,historical_doc,YES,NO,NO,YES,Frozen historical Phase 4A reference retained unchanged.
configs/pipeline/mmgcn_pipeline.yaml,configs/benchmarks/ablations/missing_modality/pipelines/mmgcn/legacy_mmgcn_features/mmgcn_pipeline.yaml,docs/baselines/configs_cleanup_audit.md,436,historical_doc,YES,NO,NO,YES,Frozen historical Phase 4A reference retained unchanged.
configs/pipeline/mmgcn_pipeline_analyze.yaml,configs/benchmarks/paper/pipelines/mmgcn_pipeline_analyze.yaml,docs/baselines/configs_cleanup_audit.md,437,historical_doc,YES,NO,NO,YES,Frozen historical Phase 4A reference retained unchanged.
configs/pipeline/mmgcn_pipeline_m3ed.yaml,configs/benchmarks/ablations/missing_modality/pipelines/mmgcn/m3ed_features/mmgcn_pipeline_m3ed.yaml,docs/baselines/configs_cleanup_audit.md,438,historical_doc,YES,NO,NO,YES,Frozen historical Phase 4A reference retained unchanged.
configs/pipeline/multidag_cl/iemocap/stabilize/context_w5_tav_stable_candidate.yaml,configs/benchmarks/ablations/stability/pipelines/multidag_cl/context_w5_tav_stable_candidate.yaml,docs/baselines/loss_stability_training_audit.md,15,historical_doc,YES,NO,NO,YES,Frozen historical Phase 4A reference retained unchanged.
configs/pipeline/mmgcn_pipeline.yaml,configs/benchmarks/ablations/missing_modality/pipelines/mmgcn/legacy_mmgcn_features/mmgcn_pipeline.yaml,docs/baselines/loss_stability_training_audit.md,16,historical_doc,YES,NO,NO,YES,Frozen historical Phase 4A reference retained unchanged.
configs/pipeline/multidag_cl/iemocap/stabilize/context_w0_tav_stable_candidate.yaml,configs/benchmarks/ablations/stability/pipelines/multidag_cl/context_w0_tav_stable_candidate.yaml,docs/baselines/multidag_cl_baseline_stabilization_notes.md,87,historical_doc,YES,NO,NO,YES,Frozen historical Phase 4A reference retained unchanged.
configs/pipeline/multidag_cl/iemocap/stabilize/context_w3_tav_stable_candidate.yaml,configs/benchmarks/ablations/stability/pipelines/multidag_cl/context_w3_tav_stable_candidate.yaml,docs/baselines/multidag_cl_baseline_stabilization_notes.md,88,historical_doc,YES,NO,NO,YES,Frozen historical Phase 4A reference retained unchanged.
configs/pipeline/multidag_cl/iemocap/stabilize/context_w5_tav_stable_candidate.yaml,configs/benchmarks/ablations/stability/pipelines/multidag_cl/context_w5_tav_stable_candidate.yaml,docs/baselines/multidag_cl_baseline_stabilization_notes.md,89,historical_doc,YES,NO,NO,YES,Frozen historical Phase 4A reference retained unchanged.
configs/pipeline/multidag_cl/iemocap/stabilize/context_past_all_causal_tav_stable_candidate.yaml,configs/benchmarks/ablations/stability/pipelines/multidag_cl/context_past_all_causal_tav_stable_candidate.yaml,docs/baselines/multidag_cl_baseline_stabilization_notes.md,90,historical_doc,YES,NO,NO,YES,Frozen historical Phase 4A reference retained unchanged.
configs/pipeline/multidag_cl/iemocap/stabilize/context_w5_tav_lr5e4.yaml,configs/benchmarks/ablations/stability/pipelines/multidag_cl/context_w5_tav_lr5e4.yaml,docs/baselines/multidag_cl_baseline_stabilization_notes.md,106,historical_doc,YES,NO,NO,YES,Frozen historical Phase 4A reference retained unchanged.
configs/pipeline/multidag_cl/iemocap/stabilize/context_w5_tav_graph1.yaml,configs/benchmarks/ablations/stability/pipelines/multidag_cl/context_w5_tav_graph1.yaml,docs/baselines/multidag_cl_baseline_stabilization_notes.md,107,historical_doc,YES,NO,NO,YES,Frozen historical Phase 4A reference retained unchanged.
configs/pipeline/multidag_cl/iemocap/stabilize/context_w5_tav_stable_candidate.yaml,configs/benchmarks/ablations/stability/pipelines/multidag_cl/context_w5_tav_stable_candidate.yaml,docs/baselines/multidag_cl_baseline_stabilization_notes.md,108,historical_doc,YES,NO,NO,YES,Frozen historical Phase 4A reference retained unchanged.
configs/pipeline/multidag_cl/iemocap/stabilize/context_w0_tav_stable_candidate.yaml,configs/benchmarks/ablations/stability/pipelines/multidag_cl/context_w0_tav_stable_candidate.yaml,docs/baselines/multidag_cl_baseline_stabilization_notes.md,118,historical_doc,YES,NO,NO,YES,Frozen historical Phase 4A reference retained unchanged.
configs/pipeline/multidag_cl/iemocap/stabilize/context_w3_tav_stable_candidate.yaml,configs/benchmarks/ablations/stability/pipelines/multidag_cl/context_w3_tav_stable_candidate.yaml,docs/baselines/multidag_cl_baseline_stabilization_notes.md,119,historical_doc,YES,NO,NO,YES,Frozen historical Phase 4A reference retained unchanged.
configs/pipeline/multidag_cl/iemocap/stabilize/context_past_all_causal_tav_stable_candidate.yaml,configs/benchmarks/ablations/stability/pipelines/multidag_cl/context_past_all_causal_tav_stable_candidate.yaml,docs/baselines/multidag_cl_baseline_stabilization_notes.md,120,historical_doc,YES,NO,NO,YES,Frozen historical Phase 4A reference retained unchanged.
configs/pipeline/multidag_cl/iemocap/missing/missing_eval_from_stable_context_w5_tav.yaml,configs/benchmarks/ablations/missing_modality/pipelines/multidag_cl/legacy_mmgcn_features/missing_eval_from_stable_context_w5_tav.yaml,docs/baselines/multidag_cl_baseline_stabilization_notes.md,121,historical_doc,YES,NO,NO,YES,Frozen historical Phase 4A reference retained unchanged.
configs/analysis/multidag_cl/iemocap/stable_context_compare.yaml,configs/benchmarks/ablations/analysis/multidag_cl/stable_context_compare.yaml,docs/baselines/multidag_cl_baseline_stabilization_notes.md,126,historical_doc,YES,NO,NO,YES,Frozen historical Phase 4A reference retained unchanged.
configs/pipeline/multidag_cl/iemocap/formal/context_w0_tav.yaml,configs/benchmarks/ablations/context/pipelines/multidag_cl/context_w0_tav.yaml,docs/baselines/multidag_cl_formal_run_plan.md,48,active_doc,NO,YES,YES,NO,Active reference updated to the exact Batch 7 canonical path.
configs/pipeline/multidag_cl/iemocap/formal/context_w1_tav.yaml,configs/benchmarks/ablations/context/pipelines/multidag_cl/context_w1_tav.yaml,docs/baselines/multidag_cl_formal_run_plan.md,49,active_doc,NO,YES,YES,NO,Active reference updated to the exact Batch 7 canonical path.
configs/pipeline/multidag_cl/iemocap/formal/context_w3_tav.yaml,configs/benchmarks/ablations/context/pipelines/multidag_cl/context_w3_tav.yaml,docs/baselines/multidag_cl_formal_run_plan.md,50,active_doc,NO,YES,YES,NO,Active reference updated to the exact Batch 7 canonical path.
configs/pipeline/multidag_cl/iemocap/formal/context_w5_tav.yaml,configs/benchmarks/ablations/context/pipelines/multidag_cl/context_w5_tav.yaml,docs/baselines/multidag_cl_formal_run_plan.md,51,active_doc,NO,YES,YES,NO,Active reference updated to the exact Batch 7 canonical path.
configs/pipeline/multidag_cl/iemocap/formal/context_past_all_causal_tav.yaml,configs/benchmarks/ablations/context/pipelines/multidag_cl/context_past_all_causal_tav.yaml,docs/baselines/multidag_cl_formal_run_plan.md,52,active_doc,NO,YES,YES,NO,Active reference updated to the exact Batch 7 canonical path.
configs/pipeline/multidag_cl/iemocap/formal/modality_w5_t.yaml,configs/benchmarks/ablations/modality/pipelines/multidag_cl/modality_w5_t.yaml,docs/baselines/multidag_cl_formal_run_plan.md,58,active_doc,NO,YES,YES,NO,Active reference updated to the exact Batch 7 canonical path.
configs/pipeline/multidag_cl/iemocap/formal/modality_w5_a.yaml,configs/benchmarks/ablations/modality/pipelines/multidag_cl/modality_w5_a.yaml,docs/baselines/multidag_cl_formal_run_plan.md,59,active_doc,NO,YES,YES,NO,Active reference updated to the exact Batch 7 canonical path.
configs/pipeline/multidag_cl/iemocap/formal/modality_w5_v.yaml,configs/benchmarks/ablations/modality/pipelines/multidag_cl/modality_w5_v.yaml,docs/baselines/multidag_cl_formal_run_plan.md,60,active_doc,NO,YES,YES,NO,Active reference updated to the exact Batch 7 canonical path.
configs/pipeline/multidag_cl/iemocap/formal/modality_w5_ta.yaml,configs/benchmarks/ablations/modality/pipelines/multidag_cl/modality_w5_ta.yaml,docs/baselines/multidag_cl_formal_run_plan.md,61,active_doc,NO,YES,YES,NO,Active reference updated to the exact Batch 7 canonical path.
configs/pipeline/multidag_cl/iemocap/formal/modality_w5_tv.yaml,configs/benchmarks/ablations/modality/pipelines/multidag_cl/modality_w5_tv.yaml,docs/baselines/multidag_cl_formal_run_plan.md,62,active_doc,NO,YES,YES,NO,Active reference updated to the exact Batch 7 canonical path.
configs/pipeline/multidag_cl/iemocap/formal/modality_w5_av.yaml,configs/benchmarks/ablations/modality/pipelines/multidag_cl/modality_w5_av.yaml,docs/baselines/multidag_cl_formal_run_plan.md,63,active_doc,NO,YES,YES,NO,Active reference updated to the exact Batch 7 canonical path.
configs/pipeline/multidag_cl/iemocap/formal/modality_w5_tav.yaml,configs/benchmarks/ablations/modality/pipelines/multidag_cl/modality_w5_tav.yaml,docs/baselines/multidag_cl_formal_run_plan.md,64,active_doc,NO,YES,YES,NO,Active reference updated to the exact Batch 7 canonical path.
configs/pipeline/multidag_cl/iemocap/stabilize/context_w0_tav_stable_candidate.yaml,configs/benchmarks/ablations/stability/pipelines/multidag_cl/context_w0_tav_stable_candidate.yaml,docs/baselines/multidag_cl_formal_run_plan.md,78,active_doc,NO,YES,YES,NO,Active reference updated to the exact Batch 7 canonical path.
configs/pipeline/multidag_cl/iemocap/stabilize/context_w3_tav_stable_candidate.yaml,configs/benchmarks/ablations/stability/pipelines/multidag_cl/context_w3_tav_stable_candidate.yaml,docs/baselines/multidag_cl_formal_run_plan.md,79,active_doc,NO,YES,YES,NO,Active reference updated to the exact Batch 7 canonical path.
configs/pipeline/multidag_cl/iemocap/stabilize/context_w5_tav_stable_candidate.yaml,configs/benchmarks/ablations/stability/pipelines/multidag_cl/context_w5_tav_stable_candidate.yaml,docs/baselines/multidag_cl_formal_run_plan.md,80,active_doc,NO,YES,YES,NO,Active reference updated to the exact Batch 7 canonical path.
configs/pipeline/multidag_cl/iemocap/stabilize/context_past_all_causal_tav_stable_candidate.yaml,configs/benchmarks/ablations/stability/pipelines/multidag_cl/context_past_all_causal_tav_stable_candidate.yaml,docs/baselines/multidag_cl_formal_run_plan.md,81,active_doc,NO,YES,YES,NO,Active reference updated to the exact Batch 7 canonical path.
configs/analysis/multidag_cl/iemocap/stable_context_compare.yaml,configs/benchmarks/ablations/analysis/multidag_cl/stable_context_compare.yaml,docs/baselines/multidag_cl_formal_run_plan.md,91,active_doc,NO,YES,YES,NO,Active reference updated to the exact Batch 7 canonical path.
configs/pipeline/multidag_cl/iemocap/debug/context_w5_tav_quick.yaml,configs/benchmarks/causal_unified/pipelines/multidag_cl/legacy_mmgcn_features/context_w5_tav_quick.yaml,docs/baselines/multidag_cl_formal_run_plan.md,99,active_doc,NO,YES,YES,NO,Active reference updated to the exact Batch 7 canonical path.
configs/pipeline/multidag_cl/iemocap/debug/context_w5_tav_smoke.yaml,configs/benchmarks/causal_unified/pipelines/multidag_cl/legacy_mmgcn_features/context_w5_tav_smoke.yaml,docs/baselines/multidag_cl_formal_run_plan.md,100,active_doc,NO,YES,YES,NO,Active reference updated to the exact Batch 7 canonical path.
configs/pipeline/multidag_cl/iemocap/debug/context_past_all_causal_tav_smoke.yaml,configs/benchmarks/causal_unified/pipelines/multidag_cl/legacy_mmgcn_features/context_past_all_causal_tav_smoke.yaml,docs/baselines/multidag_cl_formal_run_plan.md,101,active_doc,NO,YES,YES,NO,Active reference updated to the exact Batch 7 canonical path.
configs/pipeline/multidag_cl/iemocap/formal/context_w5_tav.yaml,configs/benchmarks/ablations/context/pipelines/multidag_cl/context_w5_tav.yaml,docs/baselines/multidag_cl_formal_run_plan.md,118,active_doc,NO,YES,YES,NO,Active reference updated to the exact Batch 7 canonical path.
configs/pipeline/multidag_cl/iemocap/debug/context_w5_tav_quick.yaml,configs/benchmarks/causal_unified/pipelines/multidag_cl/legacy_mmgcn_features/context_w5_tav_quick.yaml,docs/baselines/multidag_cl_formal_run_plan.md,128,active_doc,NO,YES,YES,NO,Active reference updated to the exact Batch 7 canonical path.
configs/pipeline/multidag_cl/iemocap/stabilize/context_w5_tav_stable_candidate.yaml,configs/benchmarks/ablations/stability/pipelines/multidag_cl/context_w5_tav_stable_candidate.yaml,docs/baselines/multidag_cl_formal_run_plan.md,129,active_doc,NO,YES,YES,NO,Active reference updated to the exact Batch 7 canonical path.
configs/pipeline/multidag_cl/iemocap/stabilize/context_w0_tav_stable_candidate.yaml,configs/benchmarks/ablations/stability/pipelines/multidag_cl/context_w0_tav_stable_candidate.yaml,docs/baselines/multidag_cl_formal_run_plan.md,130,active_doc,NO,YES,YES,NO,Active reference updated to the exact Batch 7 canonical path.
configs/pipeline/multidag_cl/iemocap/stabilize/context_w3_tav_stable_candidate.yaml,configs/benchmarks/ablations/stability/pipelines/multidag_cl/context_w3_tav_stable_candidate.yaml,docs/baselines/multidag_cl_formal_run_plan.md,131,active_doc,NO,YES,YES,NO,Active reference updated to the exact Batch 7 canonical path.
configs/pipeline/multidag_cl/iemocap/stabilize/context_past_all_causal_tav_stable_candidate.yaml,configs/benchmarks/ablations/stability/pipelines/multidag_cl/context_past_all_causal_tav_stable_candidate.yaml,docs/baselines/multidag_cl_formal_run_plan.md,132,active_doc,NO,YES,YES,NO,Active reference updated to the exact Batch 7 canonical path.
configs/pipeline/multidag_cl/iemocap/missing/missing_eval_from_stable_context_w5_tav.yaml,configs/benchmarks/ablations/missing_modality/pipelines/multidag_cl/legacy_mmgcn_features/missing_eval_from_stable_context_w5_tav.yaml,docs/baselines/multidag_cl_formal_run_plan.md,133,active_doc,NO,YES,YES,NO,Active reference updated to the exact Batch 7 canonical path.
configs/analysis/multidag_cl/iemocap/stable_context_compare.yaml,configs/benchmarks/ablations/analysis/multidag_cl/stable_context_compare.yaml,docs/baselines/multidag_cl_formal_run_plan.md,134,active_doc,NO,YES,YES,NO,Active reference updated to the exact Batch 7 canonical path.
configs/pipeline/multidag_cl/iemocap/debug/context_w5_tav_quick.yaml,configs/benchmarks/causal_unified/pipelines/multidag_cl/legacy_mmgcn_features/context_w5_tav_quick.yaml,docs/baselines/multidag_cl_formal_run_plan.md,143,active_doc,NO,YES,YES,NO,Active reference updated to the exact Batch 7 canonical path.
configs/pipeline/multidag_cl/iemocap/formal/context_w5_tav.yaml,configs/benchmarks/ablations/context/pipelines/multidag_cl/context_w5_tav.yaml,docs/baselines/multidag_cl_formal_run_plan.md,148,active_doc,NO,YES,YES,NO,Active reference updated to the exact Batch 7 canonical path.
configs/pipeline/multidag_cl/iemocap/formal/context_past_all_causal_tav.yaml,configs/benchmarks/ablations/context/pipelines/multidag_cl/context_past_all_causal_tav.yaml,docs/baselines/multidag_cl_formal_run_plan.md,153,active_doc,NO,YES,YES,NO,Active reference updated to the exact Batch 7 canonical path.
configs/pipeline/multidag_cl/iemocap/formal/context_w0_tav.yaml,configs/benchmarks/ablations/context/pipelines/multidag_cl/context_w0_tav.yaml,docs/baselines/multidag_cl_formal_run_plan.md,158,active_doc,NO,YES,YES,NO,Active reference updated to the exact Batch 7 canonical path.
configs/pipeline/multidag_cl/iemocap/formal/context_w3_tav.yaml,configs/benchmarks/ablations/context/pipelines/multidag_cl/context_w3_tav.yaml,docs/baselines/multidag_cl_formal_run_plan.md,163,active_doc,NO,YES,YES,NO,Active reference updated to the exact Batch 7 canonical path.
configs/pipeline/multidag_cl/iemocap/formal/context_w1_tav.yaml,configs/benchmarks/ablations/context/pipelines/multidag_cl/context_w1_tav.yaml,docs/baselines/multidag_cl_formal_run_plan.md,168,active_doc,NO,YES,YES,NO,Active reference updated to the exact Batch 7 canonical path.
configs/pipeline/multidag_cl/iemocap/stabilize/context_w5_tav_stable_candidate.yaml,configs/benchmarks/ablations/stability/pipelines/multidag_cl/context_w5_tav_stable_candidate.yaml,docs/baselines/multidag_cl_formal_run_plan.md,175,active_doc,NO,YES,YES,NO,Active reference updated to the exact Batch 7 canonical path.
configs/pipeline/multidag_cl/iemocap/stabilize/context_w0_tav_stable_candidate.yaml,configs/benchmarks/ablations/stability/pipelines/multidag_cl/context_w0_tav_stable_candidate.yaml,docs/baselines/multidag_cl_formal_run_plan.md,180,active_doc,NO,YES,YES,NO,Active reference updated to the exact Batch 7 canonical path.
configs/pipeline/multidag_cl/iemocap/stabilize/context_w3_tav_stable_candidate.yaml,configs/benchmarks/ablations/stability/pipelines/multidag_cl/context_w3_tav_stable_candidate.yaml,docs/baselines/multidag_cl_formal_run_plan.md,185,active_doc,NO,YES,YES,NO,Active reference updated to the exact Batch 7 canonical path.
configs/pipeline/multidag_cl/iemocap/stabilize/context_past_all_causal_tav_stable_candidate.yaml,configs/benchmarks/ablations/stability/pipelines/multidag_cl/context_past_all_causal_tav_stable_candidate.yaml,docs/baselines/multidag_cl_formal_run_plan.md,190,active_doc,NO,YES,YES,NO,Active reference updated to the exact Batch 7 canonical path.
configs/pipeline/multidag_cl/iemocap/formal/modality_w5_tav.yaml,configs/benchmarks/ablations/modality/pipelines/multidag_cl/modality_w5_tav.yaml,docs/baselines/multidag_cl_formal_run_plan.md,200,active_doc,NO,YES,YES,NO,Active reference updated to the exact Batch 7 canonical path.
configs/pipeline/multidag_cl/iemocap/formal/modality_w5_t.yaml,configs/benchmarks/ablations/modality/pipelines/multidag_cl/modality_w5_t.yaml,docs/baselines/multidag_cl_formal_run_plan.md,205,active_doc,NO,YES,YES,NO,Active reference updated to the exact Batch 7 canonical path.
configs/pipeline/multidag_cl/iemocap/formal/modality_w5_a.yaml,configs/benchmarks/ablations/modality/pipelines/multidag_cl/modality_w5_a.yaml,docs/baselines/multidag_cl_formal_run_plan.md,210,active_doc,NO,YES,YES,NO,Active reference updated to the exact Batch 7 canonical path.
configs/pipeline/multidag_cl/iemocap/formal/modality_w5_v.yaml,configs/benchmarks/ablations/modality/pipelines/multidag_cl/modality_w5_v.yaml,docs/baselines/multidag_cl_formal_run_plan.md,215,active_doc,NO,YES,YES,NO,Active reference updated to the exact Batch 7 canonical path.
configs/pipeline/multidag_cl/iemocap/formal/modality_w5_ta.yaml,configs/benchmarks/ablations/modality/pipelines/multidag_cl/modality_w5_ta.yaml,docs/baselines/multidag_cl_formal_run_plan.md,220,active_doc,NO,YES,YES,NO,Active reference updated to the exact Batch 7 canonical path.
configs/pipeline/multidag_cl/iemocap/formal/modality_w5_tv.yaml,configs/benchmarks/ablations/modality/pipelines/multidag_cl/modality_w5_tv.yaml,docs/baselines/multidag_cl_formal_run_plan.md,225,active_doc,NO,YES,YES,NO,Active reference updated to the exact Batch 7 canonical path.
configs/pipeline/multidag_cl/iemocap/formal/modality_w5_av.yaml,configs/benchmarks/ablations/modality/pipelines/multidag_cl/modality_w5_av.yaml,docs/baselines/multidag_cl_formal_run_plan.md,230,active_doc,NO,YES,YES,NO,Active reference updated to the exact Batch 7 canonical path.
configs/pipeline/multidag_cl/iemocap/missing/missing_eval_from_context_w5_tav.yaml,configs/benchmarks/ablations/missing_modality/pipelines/multidag_cl/legacy_mmgcn_features/missing_eval_from_context_w5_tav.yaml,docs/baselines/multidag_cl_formal_run_plan.md,247,active_doc,NO,YES,YES,NO,Active reference updated to the exact Batch 7 canonical path.
configs/pipeline/multidag_cl/iemocap/missing/missing_eval_from_stable_context_w5_tav.yaml,configs/benchmarks/ablations/missing_modality/pipelines/multidag_cl/legacy_mmgcn_features/missing_eval_from_stable_context_w5_tav.yaml,docs/baselines/multidag_cl_formal_run_plan.md,256,active_doc,NO,YES,YES,NO,Active reference updated to the exact Batch 7 canonical path.
configs/pipeline/multidag_cl/iemocap/missing/missing_eval_from_stable_context_w5_tav.yaml,configs/benchmarks/ablations/missing_modality/pipelines/multidag_cl/legacy_mmgcn_features/missing_eval_from_stable_context_w5_tav.yaml,docs/baselines/multidag_cl_formal_run_plan.md,263,active_doc,NO,YES,YES,NO,Active reference updated to the exact Batch 7 canonical path.
configs/analysis/multidag_cl/iemocap/context_compare.yaml,configs/benchmarks/ablations/analysis/multidag_cl/context_compare.yaml,docs/baselines/multidag_cl_formal_run_plan.md,296,active_doc,NO,YES,YES,NO,Active reference updated to the exact Batch 7 canonical path.
configs/analysis/multidag_cl/iemocap/modality_compare.yaml,configs/benchmarks/ablations/analysis/multidag_cl/modality_compare.yaml,docs/baselines/multidag_cl_formal_run_plan.md,297,active_doc,NO,YES,YES,NO,Active reference updated to the exact Batch 7 canonical path.
configs/analysis/multidag_cl/iemocap/core_results_compare.yaml,configs/benchmarks/paper/analysis/multidag_cl/core_results_compare.yaml,docs/baselines/multidag_cl_formal_run_plan.md,298,active_doc,NO,YES,YES,NO,Active reference updated to the exact Batch 7 canonical path.
configs/analysis/multidag_cl/iemocap/stable_context_compare.yaml,configs/benchmarks/ablations/analysis/multidag_cl/stable_context_compare.yaml,docs/baselines/multidag_cl_formal_run_plan.md,299,active_doc,NO,YES,YES,NO,Active reference updated to the exact Batch 7 canonical path.
configs/pipeline/multidag_cl/iemocap/formal/context_w0_tav.yaml,configs/benchmarks/ablations/context/pipelines/multidag_cl/context_w0_tav.yaml,docs/baselines/multidag_cl_formal_yaml_standardization_notes.md,159,historical_doc,YES,NO,NO,YES,Frozen historical Phase 4A reference retained unchanged.
configs/pipeline/multidag_cl/iemocap/formal/context_w1_tav.yaml,configs/benchmarks/ablations/context/pipelines/multidag_cl/context_w1_tav.yaml,docs/baselines/multidag_cl_formal_yaml_standardization_notes.md,160,historical_doc,YES,NO,NO,YES,Frozen historical Phase 4A reference retained unchanged.
configs/pipeline/multidag_cl/iemocap/formal/context_w3_tav.yaml,configs/benchmarks/ablations/context/pipelines/multidag_cl/context_w3_tav.yaml,docs/baselines/multidag_cl_formal_yaml_standardization_notes.md,161,historical_doc,YES,NO,NO,YES,Frozen historical Phase 4A reference retained unchanged.
configs/pipeline/multidag_cl/iemocap/formal/context_w5_tav.yaml,configs/benchmarks/ablations/context/pipelines/multidag_cl/context_w5_tav.yaml,docs/baselines/multidag_cl_formal_yaml_standardization_notes.md,162,historical_doc,YES,NO,NO,YES,Frozen historical Phase 4A reference retained unchanged.
configs/pipeline/multidag_cl/iemocap/formal/context_past_all_causal_tav.yaml,configs/benchmarks/ablations/context/pipelines/multidag_cl/context_past_all_causal_tav.yaml,docs/baselines/multidag_cl_formal_yaml_standardization_notes.md,163,historical_doc,YES,NO,NO,YES,Frozen historical Phase 4A reference retained unchanged.
configs/pipeline/multidag_cl/iemocap/formal/modality_w5_t.yaml,configs/benchmarks/ablations/modality/pipelines/multidag_cl/modality_w5_t.yaml,docs/baselines/multidag_cl_formal_yaml_standardization_notes.md,169,historical_doc,YES,NO,NO,YES,Frozen historical Phase 4A reference retained unchanged.
configs/pipeline/multidag_cl/iemocap/formal/modality_w5_a.yaml,configs/benchmarks/ablations/modality/pipelines/multidag_cl/modality_w5_a.yaml,docs/baselines/multidag_cl_formal_yaml_standardization_notes.md,170,historical_doc,YES,NO,NO,YES,Frozen historical Phase 4A reference retained unchanged.
configs/pipeline/multidag_cl/iemocap/formal/modality_w5_v.yaml,configs/benchmarks/ablations/modality/pipelines/multidag_cl/modality_w5_v.yaml,docs/baselines/multidag_cl_formal_yaml_standardization_notes.md,171,historical_doc,YES,NO,NO,YES,Frozen historical Phase 4A reference retained unchanged.
configs/pipeline/multidag_cl/iemocap/formal/modality_w5_ta.yaml,configs/benchmarks/ablations/modality/pipelines/multidag_cl/modality_w5_ta.yaml,docs/baselines/multidag_cl_formal_yaml_standardization_notes.md,172,historical_doc,YES,NO,NO,YES,Frozen historical Phase 4A reference retained unchanged.
configs/pipeline/multidag_cl/iemocap/formal/modality_w5_tv.yaml,configs/benchmarks/ablations/modality/pipelines/multidag_cl/modality_w5_tv.yaml,docs/baselines/multidag_cl_formal_yaml_standardization_notes.md,173,historical_doc,YES,NO,NO,YES,Frozen historical Phase 4A reference retained unchanged.
configs/pipeline/multidag_cl/iemocap/formal/modality_w5_av.yaml,configs/benchmarks/ablations/modality/pipelines/multidag_cl/modality_w5_av.yaml,docs/baselines/multidag_cl_formal_yaml_standardization_notes.md,174,historical_doc,YES,NO,NO,YES,Frozen historical Phase 4A reference retained unchanged.
configs/pipeline/multidag_cl/iemocap/formal/modality_w5_tav.yaml,configs/benchmarks/ablations/modality/pipelines/multidag_cl/modality_w5_tav.yaml,docs/baselines/multidag_cl_formal_yaml_standardization_notes.md,175,historical_doc,YES,NO,NO,YES,Frozen historical Phase 4A reference retained unchanged.
configs/pipeline/multidag_cl/iemocap/stabilize/context_w0_tav_stable_candidate.yaml,configs/benchmarks/ablations/stability/pipelines/multidag_cl/context_w0_tav_stable_candidate.yaml,docs/baselines/multidag_cl_formal_yaml_standardization_notes.md,195,historical_doc,YES,NO,NO,YES,Frozen historical Phase 4A reference retained unchanged.
configs/pipeline/multidag_cl/iemocap/stabilize/context_w3_tav_stable_candidate.yaml,configs/benchmarks/ablations/stability/pipelines/multidag_cl/context_w3_tav_stable_candidate.yaml,docs/baselines/multidag_cl_formal_yaml_standardization_notes.md,196,historical_doc,YES,NO,NO,YES,Frozen historical Phase 4A reference retained unchanged.
configs/pipeline/multidag_cl/iemocap/stabilize/context_w5_tav_stable_candidate.yaml,configs/benchmarks/ablations/stability/pipelines/multidag_cl/context_w5_tav_stable_candidate.yaml,docs/baselines/multidag_cl_formal_yaml_standardization_notes.md,197,historical_doc,YES,NO,NO,YES,Frozen historical Phase 4A reference retained unchanged.
configs/pipeline/multidag_cl/iemocap/stabilize/context_past_all_causal_tav_stable_candidate.yaml,configs/benchmarks/ablations/stability/pipelines/multidag_cl/context_past_all_causal_tav_stable_candidate.yaml,docs/baselines/multidag_cl_formal_yaml_standardization_notes.md,198,historical_doc,YES,NO,NO,YES,Frozen historical Phase 4A reference retained unchanged.
configs/pipeline/multidag_cl/iemocap/debug/context_w5_tav_quick.yaml,configs/benchmarks/causal_unified/pipelines/multidag_cl/legacy_mmgcn_features/context_w5_tav_quick.yaml,docs/baselines/multidag_cl_formal_yaml_standardization_notes.md,217,historical_doc,YES,NO,NO,YES,Frozen historical Phase 4A reference retained unchanged.
configs/pipeline/multidag_cl/iemocap/debug/context_w5_tav_smoke.yaml,configs/benchmarks/causal_unified/pipelines/multidag_cl/legacy_mmgcn_features/context_w5_tav_smoke.yaml,docs/baselines/multidag_cl_formal_yaml_standardization_notes.md,218,historical_doc,YES,NO,NO,YES,Frozen historical Phase 4A reference retained unchanged.
configs/pipeline/multidag_cl/iemocap/debug/context_past_all_causal_tav_smoke.yaml,configs/benchmarks/causal_unified/pipelines/multidag_cl/legacy_mmgcn_features/context_past_all_causal_tav_smoke.yaml,docs/baselines/multidag_cl_formal_yaml_standardization_notes.md,219,historical_doc,YES,NO,NO,YES,Frozen historical Phase 4A reference retained unchanged.
configs/pipeline/multidag_cl/iemocap/missing/missing_eval_from_context_w5_tav.yaml,configs/benchmarks/ablations/missing_modality/pipelines/multidag_cl/legacy_mmgcn_features/missing_eval_from_context_w5_tav.yaml,docs/baselines/multidag_cl_formal_yaml_standardization_notes.md,230,historical_doc,YES,NO,NO,YES,Frozen historical Phase 4A reference retained unchanged.
configs/pipeline/multidag_cl/iemocap/missing/missing_eval_from_stable_context_w5_tav.yaml,configs/benchmarks/ablations/missing_modality/pipelines/multidag_cl/legacy_mmgcn_features/missing_eval_from_stable_context_w5_tav.yaml,docs/baselines/multidag_cl_formal_yaml_standardization_notes.md,231,historical_doc,YES,NO,NO,YES,Frozen historical Phase 4A reference retained unchanged.
configs/analysis/multidag_cl/iemocap/context_compare.yaml,configs/benchmarks/ablations/analysis/multidag_cl/context_compare.yaml,docs/baselines/multidag_cl_formal_yaml_standardization_notes.md,249,historical_doc,YES,NO,NO,YES,Frozen historical Phase 4A reference retained unchanged.
configs/analysis/multidag_cl/iemocap/modality_compare.yaml,configs/benchmarks/ablations/analysis/multidag_cl/modality_compare.yaml,docs/baselines/multidag_cl_formal_yaml_standardization_notes.md,250,historical_doc,YES,NO,NO,YES,Frozen historical Phase 4A reference retained unchanged.
configs/analysis/multidag_cl/iemocap/core_results_compare.yaml,configs/benchmarks/paper/analysis/multidag_cl/core_results_compare.yaml,docs/baselines/multidag_cl_formal_yaml_standardization_notes.md,251,historical_doc,YES,NO,NO,YES,Frozen historical Phase 4A reference retained unchanged.
configs/analysis/multidag_cl/iemocap/stabilization_20260709_compare.yaml,configs/benchmarks/ablations/analysis/multidag_cl/stabilization_compare_20260709.yaml,docs/baselines/multidag_cl_formal_yaml_standardization_notes.md,252,historical_doc,YES,NO,NO,YES,Frozen historical Phase 4A reference retained unchanged.
configs/analysis/multidag_cl/iemocap/stable_context_compare.yaml,configs/benchmarks/ablations/analysis/multidag_cl/stable_context_compare.yaml,docs/baselines/multidag_cl_formal_yaml_standardization_notes.md,253,historical_doc,YES,NO,NO,YES,Frozen historical Phase 4A reference retained unchanged.
configs/pipeline/multidag_cl/iemocap/debug/context_w5_tav_quick.yaml,configs/benchmarks/causal_unified/pipelines/multidag_cl/legacy_mmgcn_features/context_w5_tav_quick.yaml,docs/baselines/multidag_cl_formal_yaml_standardization_notes.md,283,historical_doc,YES,NO,NO,YES,Frozen historical Phase 4A reference retained unchanged.
configs/pipeline/multidag_cl/iemocap/formal/context_w5_tav.yaml,configs/benchmarks/ablations/context/pipelines/multidag_cl/context_w5_tav.yaml,docs/baselines/multidag_cl_formal_yaml_standardization_notes.md,284,historical_doc,YES,NO,NO,YES,Frozen historical Phase 4A reference retained unchanged.
configs/pipeline/multidag_cl/iemocap/formal/context_past_all_causal_tav.yaml,configs/benchmarks/ablations/context/pipelines/multidag_cl/context_past_all_causal_tav.yaml,docs/baselines/multidag_cl_formal_yaml_standardization_notes.md,285,historical_doc,YES,NO,NO,YES,Frozen historical Phase 4A reference retained unchanged.
configs/pipeline/multidag_cl/iemocap/formal/context_w0_tav.yaml,configs/benchmarks/ablations/context/pipelines/multidag_cl/context_w0_tav.yaml,docs/baselines/multidag_cl_formal_yaml_standardization_notes.md,286,historical_doc,YES,NO,NO,YES,Frozen historical Phase 4A reference retained unchanged.
configs/pipeline/multidag_cl/iemocap/missing/missing_eval_from_context_w5_tav.yaml,configs/benchmarks/ablations/missing_modality/pipelines/multidag_cl/legacy_mmgcn_features/missing_eval_from_context_w5_tav.yaml,docs/baselines/multidag_cl_formal_yaml_standardization_notes.md,287,historical_doc,YES,NO,NO,YES,Frozen historical Phase 4A reference retained unchanged.
configs/pipeline/multidag_cl/iemocap/formal/context_w3_tav.yaml,configs/benchmarks/ablations/context/pipelines/multidag_cl/context_w3_tav.yaml,docs/baselines/multidag_cl_formal_yaml_standardization_notes.md,288,historical_doc,YES,NO,NO,YES,Frozen historical Phase 4A reference retained unchanged.
configs/pipeline/multidag_cl/iemocap/stabilize/context_w0_tav_stable_candidate.yaml,configs/benchmarks/ablations/stability/pipelines/multidag_cl/context_w0_tav_stable_candidate.yaml,docs/baselines/multidag_cl_formal_yaml_standardization_notes.md,298,historical_doc,YES,NO,NO,YES,Frozen historical Phase 4A reference retained unchanged.
configs/pipeline/multidag_cl/iemocap/stabilize/context_w3_tav_stable_candidate.yaml,configs/benchmarks/ablations/stability/pipelines/multidag_cl/context_w3_tav_stable_candidate.yaml,docs/baselines/multidag_cl_formal_yaml_standardization_notes.md,299,historical_doc,YES,NO,NO,YES,Frozen historical Phase 4A reference retained unchanged.
configs/pipeline/multidag_cl/iemocap/stabilize/context_w5_tav_stable_candidate.yaml,configs/benchmarks/ablations/stability/pipelines/multidag_cl/context_w5_tav_stable_candidate.yaml,docs/baselines/multidag_cl_formal_yaml_standardization_notes.md,300,historical_doc,YES,NO,NO,YES,Frozen historical Phase 4A reference retained unchanged.
configs/pipeline/multidag_cl/iemocap/stabilize/context_past_all_causal_tav_stable_candidate.yaml,configs/benchmarks/ablations/stability/pipelines/multidag_cl/context_past_all_causal_tav_stable_candidate.yaml,docs/baselines/multidag_cl_formal_yaml_standardization_notes.md,301,historical_doc,YES,NO,NO,YES,Frozen historical Phase 4A reference retained unchanged.
configs/pipeline/multidag_cl/iemocap/missing/missing_eval_from_context_w5_tav.yaml,configs/benchmarks/ablations/missing_modality/pipelines/multidag_cl/legacy_mmgcn_features/missing_eval_from_context_w5_tav.yaml,docs/baselines/multidag_cl_formal_yaml_standardization_notes.md,359,historical_doc,YES,NO,NO,YES,Frozen historical Phase 4A reference retained unchanged.
configs/pipeline/multidag_cl/iemocap/formal/context_w0_tav.yaml,configs/benchmarks/ablations/context/pipelines/multidag_cl/context_w0_tav.yaml,docs/baselines/multidag_cl_iemocap_experiment_matrix_notes.md,40,historical_doc,YES,NO,NO,YES,Frozen historical Phase 4A reference retained unchanged.
configs/pipeline/multidag_cl/iemocap/formal/context_w1_tav.yaml,configs/benchmarks/ablations/context/pipelines/multidag_cl/context_w1_tav.yaml,docs/baselines/multidag_cl_iemocap_experiment_matrix_notes.md,41,historical_doc,YES,NO,NO,YES,Frozen historical Phase 4A reference retained unchanged.
configs/pipeline/multidag_cl/iemocap/formal/context_w3_tav.yaml,configs/benchmarks/ablations/context/pipelines/multidag_cl/context_w3_tav.yaml,docs/baselines/multidag_cl_iemocap_experiment_matrix_notes.md,42,historical_doc,YES,NO,NO,YES,Frozen historical Phase 4A reference retained unchanged.
configs/pipeline/multidag_cl/iemocap/formal/context_w5_tav.yaml,configs/benchmarks/ablations/context/pipelines/multidag_cl/context_w5_tav.yaml,docs/baselines/multidag_cl_iemocap_experiment_matrix_notes.md,43,historical_doc,YES,NO,NO,YES,Frozen historical Phase 4A reference retained unchanged.
configs/pipeline/multidag_cl/iemocap/formal/context_past_all_causal_tav.yaml,configs/benchmarks/ablations/context/pipelines/multidag_cl/context_past_all_causal_tav.yaml,docs/baselines/multidag_cl_iemocap_experiment_matrix_notes.md,44,historical_doc,YES,NO,NO,YES,Frozen historical Phase 4A reference retained unchanged.
configs/pipeline/multidag_cl/iemocap/debug/context_w5_tav_quick.yaml,configs/benchmarks/causal_unified/pipelines/multidag_cl/legacy_mmgcn_features/context_w5_tav_quick.yaml,docs/baselines/multidag_cl_iemocap_experiment_matrix_notes.md,45,historical_doc,YES,NO,NO,YES,Frozen historical Phase 4A reference retained unchanged.
configs/pipeline/multidag_cl/iemocap/formal/modality_w5_t.yaml,configs/benchmarks/ablations/modality/pipelines/multidag_cl/modality_w5_t.yaml,docs/baselines/multidag_cl_iemocap_experiment_matrix_notes.md,71,historical_doc,YES,NO,NO,YES,Frozen historical Phase 4A reference retained unchanged.
configs/pipeline/multidag_cl/iemocap/formal/modality_w5_a.yaml,configs/benchmarks/ablations/modality/pipelines/multidag_cl/modality_w5_a.yaml,docs/baselines/multidag_cl_iemocap_experiment_matrix_notes.md,72,historical_doc,YES,NO,NO,YES,Frozen historical Phase 4A reference retained unchanged.
configs/pipeline/multidag_cl/iemocap/formal/modality_w5_v.yaml,configs/benchmarks/ablations/modality/pipelines/multidag_cl/modality_w5_v.yaml,docs/baselines/multidag_cl_iemocap_experiment_matrix_notes.md,73,historical_doc,YES,NO,NO,YES,Frozen historical Phase 4A reference retained unchanged.
configs/pipeline/multidag_cl/iemocap/formal/modality_w5_ta.yaml,configs/benchmarks/ablations/modality/pipelines/multidag_cl/modality_w5_ta.yaml,docs/baselines/multidag_cl_iemocap_experiment_matrix_notes.md,74,historical_doc,YES,NO,NO,YES,Frozen historical Phase 4A reference retained unchanged.
configs/pipeline/multidag_cl/iemocap/formal/modality_w5_tv.yaml,configs/benchmarks/ablations/modality/pipelines/multidag_cl/modality_w5_tv.yaml,docs/baselines/multidag_cl_iemocap_experiment_matrix_notes.md,75,historical_doc,YES,NO,NO,YES,Frozen historical Phase 4A reference retained unchanged.
configs/pipeline/multidag_cl/iemocap/formal/modality_w5_av.yaml,configs/benchmarks/ablations/modality/pipelines/multidag_cl/modality_w5_av.yaml,docs/baselines/multidag_cl_iemocap_experiment_matrix_notes.md,76,historical_doc,YES,NO,NO,YES,Frozen historical Phase 4A reference retained unchanged.
configs/pipeline/multidag_cl/iemocap/missing/missing_eval_from_context_w5_tav.yaml,configs/benchmarks/ablations/missing_modality/pipelines/multidag_cl/legacy_mmgcn_features/missing_eval_from_context_w5_tav.yaml,docs/baselines/multidag_cl_iemocap_experiment_matrix_notes.md,82,historical_doc,YES,NO,NO,YES,Frozen historical Phase 4A reference retained unchanged.
configs/pipeline/multidag_cl/iemocap/formal/context_w5_tav.yaml,configs/benchmarks/ablations/context/pipelines/multidag_cl/context_w5_tav.yaml,docs/baselines/multidag_cl_iemocap_experiment_matrix_notes.md,127,historical_doc,YES,NO,NO,YES,Frozen historical Phase 4A reference retained unchanged.
configs/pipeline/multidag_cl/iemocap/formal/context_w0_tav.yaml,configs/benchmarks/ablations/context/pipelines/multidag_cl/context_w0_tav.yaml,docs/baselines/multidag_cl_iemocap_experiment_matrix_notes.md,133,historical_doc,YES,NO,NO,YES,Frozen historical Phase 4A reference retained unchanged.
configs/pipeline/multidag_cl/iemocap/formal/context_w1_tav.yaml,configs/benchmarks/ablations/context/pipelines/multidag_cl/context_w1_tav.yaml,docs/baselines/multidag_cl_iemocap_experiment_matrix_notes.md,134,historical_doc,YES,NO,NO,YES,Frozen historical Phase 4A reference retained unchanged.
configs/pipeline/multidag_cl/iemocap/formal/context_w3_tav.yaml,configs/benchmarks/ablations/context/pipelines/multidag_cl/context_w3_tav.yaml,docs/baselines/multidag_cl_iemocap_experiment_matrix_notes.md,135,historical_doc,YES,NO,NO,YES,Frozen historical Phase 4A reference retained unchanged.
configs/pipeline/multidag_cl/iemocap/formal/context_past_all_causal_tav.yaml,configs/benchmarks/ablations/context/pipelines/multidag_cl/context_past_all_causal_tav.yaml,docs/baselines/multidag_cl_iemocap_experiment_matrix_notes.md,136,historical_doc,YES,NO,NO,YES,Frozen historical Phase 4A reference retained unchanged.
configs/pipeline/multidag_cl/iemocap/debug/context_w5_tav_quick.yaml,configs/benchmarks/causal_unified/pipelines/multidag_cl/legacy_mmgcn_features/context_w5_tav_quick.yaml,docs/baselines/multidag_cl_iemocap_experiment_matrix_notes.md,137,historical_doc,YES,NO,NO,YES,Frozen historical Phase 4A reference retained unchanged.
configs/pipeline/multidag_cl/iemocap/formal/modality_w5_t.yaml,configs/benchmarks/ablations/modality/pipelines/multidag_cl/modality_w5_t.yaml,docs/baselines/multidag_cl_iemocap_experiment_matrix_notes.md,148,historical_doc,YES,NO,NO,YES,Frozen historical Phase 4A reference retained unchanged.
configs/pipeline/multidag_cl/iemocap/formal/modality_w5_a.yaml,configs/benchmarks/ablations/modality/pipelines/multidag_cl/modality_w5_a.yaml,docs/baselines/multidag_cl_iemocap_experiment_matrix_notes.md,154,historical_doc,YES,NO,NO,YES,Frozen historical Phase 4A reference retained unchanged.
configs/pipeline/multidag_cl/iemocap/formal/modality_w5_v.yaml,configs/benchmarks/ablations/modality/pipelines/multidag_cl/modality_w5_v.yaml,docs/baselines/multidag_cl_iemocap_experiment_matrix_notes.md,155,historical_doc,YES,NO,NO,YES,Frozen historical Phase 4A reference retained unchanged.
configs/pipeline/multidag_cl/iemocap/formal/modality_w5_ta.yaml,configs/benchmarks/ablations/modality/pipelines/multidag_cl/modality_w5_ta.yaml,docs/baselines/multidag_cl_iemocap_experiment_matrix_notes.md,156,historical_doc,YES,NO,NO,YES,Frozen historical Phase 4A reference retained unchanged.
configs/pipeline/multidag_cl/iemocap/formal/modality_w5_tv.yaml,configs/benchmarks/ablations/modality/pipelines/multidag_cl/modality_w5_tv.yaml,docs/baselines/multidag_cl_iemocap_experiment_matrix_notes.md,157,historical_doc,YES,NO,NO,YES,Frozen historical Phase 4A reference retained unchanged.
configs/pipeline/multidag_cl/iemocap/formal/modality_w5_av.yaml,configs/benchmarks/ablations/modality/pipelines/multidag_cl/modality_w5_av.yaml,docs/baselines/multidag_cl_iemocap_experiment_matrix_notes.md,158,historical_doc,YES,NO,NO,YES,Frozen historical Phase 4A reference retained unchanged.
configs/pipeline/multidag_cl/iemocap/formal/context_w5_tav.yaml,configs/benchmarks/ablations/context/pipelines/multidag_cl/context_w5_tav.yaml,docs/baselines/multidag_cl_iemocap_experiment_matrix_notes.md,169,historical_doc,YES,NO,NO,YES,Frozen historical Phase 4A reference retained unchanged.
configs/pipeline/multidag_cl/iemocap/missing/missing_eval_from_context_w5_tav.yaml,configs/benchmarks/ablations/missing_modality/pipelines/multidag_cl/legacy_mmgcn_features/missing_eval_from_context_w5_tav.yaml,docs/baselines/multidag_cl_iemocap_experiment_matrix_notes.md,175,historical_doc,YES,NO,NO,YES,Frozen historical Phase 4A reference retained unchanged.
configs/pipeline/multidag_cl/iemocap/missing/missing_eval_from_context_w5_tav.yaml,configs/benchmarks/ablations/missing_modality/pipelines/multidag_cl/legacy_mmgcn_features/missing_eval_from_context_w5_tav.yaml,docs/baselines/multidag_cl_iemocap_experiment_matrix_notes.md,181,historical_doc,YES,NO,NO,YES,Frozen historical Phase 4A reference retained unchanged.
configs/analysis/multidag_cl/iemocap/context_compare.yaml,configs/benchmarks/ablations/analysis/multidag_cl/context_compare.yaml,docs/baselines/multidag_cl_iemocap_experiment_matrix_notes.md,211,historical_doc,YES,NO,NO,YES,Frozen historical Phase 4A reference retained unchanged.
configs/analysis/multidag_cl/iemocap/modality_compare.yaml,configs/benchmarks/ablations/analysis/multidag_cl/modality_compare.yaml,docs/baselines/multidag_cl_iemocap_experiment_matrix_notes.md,212,historical_doc,YES,NO,NO,YES,Frozen historical Phase 4A reference retained unchanged.
configs/pipeline/multidag_cl/iemocap/loss_stability/context_w5_tav_stable_lr3e4_plateau_valloss.yaml,configs/benchmarks/ablations/stability/pipelines/multidag_cl/context_w5_tav_stable_lr3e4_plateau_valloss.yaml,docs/baselines/multidag_cl_loss_stability_notes.md,63,historical_doc,YES,NO,NO,YES,Frozen historical Phase 4A reference retained unchanged.
configs/pipeline/multidag_cl/iemocap/loss_stability/context_w5_tav_stable_lr3e4_cosine.yaml,configs/benchmarks/ablations/stability/pipelines/multidag_cl/context_w5_tav_stable_lr3e4_cosine.yaml,docs/baselines/multidag_cl_loss_stability_notes.md,64,historical_doc,YES,NO,NO,YES,Frozen historical Phase 4A reference retained unchanged.
configs/pipeline/multidag_cl/iemocap/loss_stability/context_w5_tav_stable_lr3e4_label_smoothing005.yaml,configs/benchmarks/ablations/stability/pipelines/multidag_cl/context_w5_tav_stable_lr3e4_label_smoothing005.yaml,docs/baselines/multidag_cl_loss_stability_notes.md,65,historical_doc,YES,NO,NO,YES,Frozen historical Phase 4A reference retained unchanged.
configs/pipeline/multidag_cl/iemocap/loss_stability/context_w5_tav_stable_lr5e4_plateau_valloss.yaml,configs/benchmarks/ablations/stability/pipelines/multidag_cl/context_w5_tav_stable_lr5e4_plateau_valloss.yaml,docs/baselines/multidag_cl_loss_stability_notes.md,66,historical_doc,YES,NO,NO,YES,Frozen historical Phase 4A reference retained unchanged.
configs/pipeline/multidag_cl/iemocap/loss_stability/context_w5_tav_stable_lr3e4_earlystop_valloss.yaml,configs/benchmarks/ablations/stability/pipelines/multidag_cl/context_w5_tav_stable_lr3e4_earlystop_valloss.yaml,docs/baselines/multidag_cl_loss_stability_notes.md,67,historical_doc,YES,NO,NO,YES,Frozen historical Phase 4A reference retained unchanged.
configs/analysis/multidag_cl/iemocap/stabilization_20260709_compare.yaml,configs/benchmarks/ablations/analysis/multidag_cl/stabilization_compare_20260709.yaml,docs/baselines/multidag_cl_multirun_stabilization_analysis_notes.md,56,historical_doc,YES,NO,NO,YES,Frozen historical Phase 4A reference retained unchanged.
configs/analysis/multidag_cl/iemocap/stabilization_20260709_compare.yaml,configs/benchmarks/ablations/analysis/multidag_cl/stabilization_compare_20260709.yaml,docs/baselines/multidag_cl_multirun_stabilization_analysis_notes.md,77,historical_doc,YES,NO,NO,YES,Frozen historical Phase 4A reference retained unchanged.
configs/analysis/multidag_cl/iemocap/stable_context_compare.yaml,configs/benchmarks/ablations/analysis/multidag_cl/stable_context_compare.yaml,docs/baselines/multidag_cl_multirun_stabilization_analysis_notes.md,178,historical_doc,YES,NO,NO,YES,Frozen historical Phase 4A reference retained unchanged.
configs/pipeline/multidag_cl/iemocap/formal/context_w0_tav.yaml,configs/benchmarks/ablations/context/pipelines/multidag_cl/context_w0_tav.yaml,docs/baselines/multidag_cl_observability_and_figures_notes.md,121,historical_doc,YES,NO,NO,YES,Frozen historical Phase 4A reference retained unchanged.
configs/pipeline/multidag_cl/iemocap/formal/context_w1_tav.yaml,configs/benchmarks/ablations/context/pipelines/multidag_cl/context_w1_tav.yaml,docs/baselines/multidag_cl_observability_and_figures_notes.md,122,historical_doc,YES,NO,NO,YES,Frozen historical Phase 4A reference retained unchanged.
configs/pipeline/multidag_cl/iemocap/formal/context_w3_tav.yaml,configs/benchmarks/ablations/context/pipelines/multidag_cl/context_w3_tav.yaml,docs/baselines/multidag_cl_observability_and_figures_notes.md,123,historical_doc,YES,NO,NO,YES,Frozen historical Phase 4A reference retained unchanged.
configs/pipeline/multidag_cl/iemocap/formal/context_w5_tav.yaml,configs/benchmarks/ablations/context/pipelines/multidag_cl/context_w5_tav.yaml,docs/baselines/multidag_cl_observability_and_figures_notes.md,124,historical_doc,YES,NO,NO,YES,Frozen historical Phase 4A reference retained unchanged.
configs/pipeline/multidag_cl/iemocap/formal/context_past_all_causal_tav.yaml,configs/benchmarks/ablations/context/pipelines/multidag_cl/context_past_all_causal_tav.yaml,docs/baselines/multidag_cl_observability_and_figures_notes.md,125,historical_doc,YES,NO,NO,YES,Frozen historical Phase 4A reference retained unchanged.
configs/pipeline/multidag_cl/iemocap/debug/context_w5_tav_quick.yaml,configs/benchmarks/causal_unified/pipelines/multidag_cl/legacy_mmgcn_features/context_w5_tav_quick.yaml,docs/baselines/multidag_cl_observability_and_figures_notes.md,126,historical_doc,YES,NO,NO,YES,Frozen historical Phase 4A reference retained unchanged.
configs/pipeline/multidag_cl/iemocap/missing/missing_eval_from_context_w5_tav.yaml,configs/benchmarks/ablations/missing_modality/pipelines/multidag_cl/legacy_mmgcn_features/missing_eval_from_context_w5_tav.yaml,docs/baselines/multidag_cl_observability_and_figures_notes.md,132,historical_doc,YES,NO,NO,YES,Frozen historical Phase 4A reference retained unchanged.
configs/pipeline/multidag_cl/iemocap/formal/context_w5_tav.yaml,configs/benchmarks/ablations/context/pipelines/multidag_cl/context_w5_tav.yaml,docs/baselines/multidag_cl_observability_and_figures_notes.md,142,historical_doc,YES,NO,NO,YES,Frozen historical Phase 4A reference retained unchanged.
configs/pipeline/multidag_cl/iemocap/formal/context_w0_tav.yaml,configs/benchmarks/ablations/context/pipelines/multidag_cl/context_w0_tav.yaml,docs/baselines/multidag_cl_observability_and_figures_notes.md,148,historical_doc,YES,NO,NO,YES,Frozen historical Phase 4A reference retained unchanged.
configs/pipeline/multidag_cl/iemocap/formal/context_w1_tav.yaml,configs/benchmarks/ablations/context/pipelines/multidag_cl/context_w1_tav.yaml,docs/baselines/multidag_cl_observability_and_figures_notes.md,149,historical_doc,YES,NO,NO,YES,Frozen historical Phase 4A reference retained unchanged.
configs/pipeline/multidag_cl/iemocap/formal/context_w3_tav.yaml,configs/benchmarks/ablations/context/pipelines/multidag_cl/context_w3_tav.yaml,docs/baselines/multidag_cl_observability_and_figures_notes.md,150,historical_doc,YES,NO,NO,YES,Frozen historical Phase 4A reference retained unchanged.
configs/pipeline/multidag_cl/iemocap/formal/context_past_all_causal_tav.yaml,configs/benchmarks/ablations/context/pipelines/multidag_cl/context_past_all_causal_tav.yaml,docs/baselines/multidag_cl_observability_and_figures_notes.md,151,historical_doc,YES,NO,NO,YES,Frozen historical Phase 4A reference retained unchanged.
configs/pipeline/multidag_cl/iemocap/debug/context_w5_tav_quick.yaml,configs/benchmarks/causal_unified/pipelines/multidag_cl/legacy_mmgcn_features/context_w5_tav_quick.yaml,docs/baselines/multidag_cl_observability_and_figures_notes.md,152,historical_doc,YES,NO,NO,YES,Frozen historical Phase 4A reference retained unchanged.
configs/pipeline/multidag_cl/iemocap/missing/missing_eval_from_context_w5_tav.yaml,configs/benchmarks/ablations/missing_modality/pipelines/multidag_cl/legacy_mmgcn_features/missing_eval_from_context_w5_tav.yaml,docs/baselines/multidag_cl_observability_and_figures_notes.md,176,historical_doc,YES,NO,NO,YES,Frozen historical Phase 4A reference retained unchanged.
configs/pipeline/multidag_cl/iemocap/debug/context_w5_tav_quick.yaml,configs/benchmarks/causal_unified/pipelines/multidag_cl/legacy_mmgcn_features/context_w5_tav_quick.yaml,docs/baselines/multidag_cl_observability_and_figures_notes.md,283,historical_doc,YES,NO,NO,YES,Frozen historical Phase 4A reference retained unchanged.
configs/pipeline/multidag_cl/iemocap/formal/context_w5_tav.yaml,configs/benchmarks/ablations/context/pipelines/multidag_cl/context_w5_tav.yaml,docs/baselines/multidag_cl_observability_and_figures_notes.md,289,historical_doc,YES,NO,NO,YES,Frozen historical Phase 4A reference retained unchanged.
configs/pipeline/multidag_cl/iemocap/missing/missing_eval_from_context_w5_tav.yaml,configs/benchmarks/ablations/missing_modality/pipelines/multidag_cl/legacy_mmgcn_features/missing_eval_from_context_w5_tav.yaml,docs/baselines/multidag_cl_observability_and_figures_notes.md,293,historical_doc,YES,NO,NO,YES,Frozen historical Phase 4A reference retained unchanged.
configs/pipeline/multidag_cl/iemocap/missing/missing_eval_from_context_w5_tav.yaml,configs/benchmarks/ablations/missing_modality/pipelines/multidag_cl/legacy_mmgcn_features/missing_eval_from_context_w5_tav.yaml,docs/baselines/multidag_cl_observability_and_figures_notes.md,296,historical_doc,YES,NO,NO,YES,Frozen historical Phase 4A reference retained unchanged.
configs/pipeline/multidag_cl/iemocap/debug/context_w5_tav_smoke.yaml,configs/benchmarks/causal_unified/pipelines/multidag_cl/legacy_mmgcn_features/context_w5_tav_smoke.yaml,docs/baselines/multidag_cl_pipeline_integration_notes.md,19,historical_doc,YES,NO,NO,YES,Frozen historical Phase 4A reference retained unchanged.
configs/pipeline/multidag_cl/iemocap/debug/context_past_all_causal_tav_smoke.yaml,configs/benchmarks/causal_unified/pipelines/multidag_cl/legacy_mmgcn_features/context_past_all_causal_tav_smoke.yaml,docs/baselines/multidag_cl_pipeline_integration_notes.md,20,historical_doc,YES,NO,NO,YES,Frozen historical Phase 4A reference retained unchanged.
configs/pipeline/multidag_cl/iemocap/debug/context_w5_tav_smoke.yaml,configs/benchmarks/causal_unified/pipelines/multidag_cl/legacy_mmgcn_features/context_w5_tav_smoke.yaml,docs/baselines/multidag_cl_pipeline_integration_notes.md,137,historical_doc,YES,NO,NO,YES,Frozen historical Phase 4A reference retained unchanged.
configs/pipeline/multidag_cl/iemocap/debug/context_past_all_causal_tav_smoke.yaml,configs/benchmarks/causal_unified/pipelines/multidag_cl/legacy_mmgcn_features/context_past_all_causal_tav_smoke.yaml,docs/baselines/multidag_cl_pipeline_integration_notes.md,138,historical_doc,YES,NO,NO,YES,Frozen historical Phase 4A reference retained unchanged.
configs/analysis/multidag_cl/iemocap/context_compare.yaml,configs/benchmarks/ablations/analysis/multidag_cl/context_compare.yaml,docs/baselines/multidag_cl_yaml_parameter_guide.md,126,active_doc,NO,YES,YES,NO,Active reference updated to the exact Batch 7 canonical path.
configs/analysis/four_model_causal_audit.yaml,configs/benchmarks/causal_unified/analysis/four_model_audit_formal.yaml,docs/baselines/new_causal_baselines_remote_protocol.md,69,active_doc,NO,YES,YES,NO,Active reference updated to the exact Batch 7 canonical path.
configs/pipeline/mmgcn_pipeline_m3ed.yaml,configs/benchmarks/ablations/missing_modality/pipelines/mmgcn/m3ed_features/mmgcn_pipeline_m3ed.yaml,docs/experiment_protocol.md,207,active_doc,NO,YES,YES,NO,Active reference updated to the exact Batch 7 canonical path.
configs/pipeline/mmgcn_pipeline.yaml,configs/benchmarks/ablations/missing_modality/pipelines/mmgcn/legacy_mmgcn_features/mmgcn_pipeline.yaml,docs/experiments/date_organized_outputs_handoff.md,207,historical_doc,YES,NO,NO,YES,Frozen historical Phase 4A reference retained unchanged.
configs/pipeline/mmgcn_pipeline_m3ed.yaml,configs/benchmarks/ablations/missing_modality/pipelines/mmgcn/m3ed_features/mmgcn_pipeline_m3ed.yaml,docs/project_map.md,152,active_doc,NO,YES,YES,NO,Active reference updated to the exact Batch 7 canonical path.
configs/analysis/multi_run_final_analysis.yaml,configs/benchmarks/paper/analysis/multi_run_metrics.yaml,scripts/analysis/common/plot_multi_run_final_analysis.py,9,script_example,NO,YES,YES,NO,Active reference updated to the exact Batch 7 canonical path.
configs/analysis/multi_run_final_analysis.yaml,configs/benchmarks/paper/analysis/multi_run_metrics.yaml,scripts/analysis/common/plot_multi_run_final_analysis.py,33,script_example,NO,YES,YES,NO,Active reference updated to the exact Batch 7 canonical path.
configs/analysis/multi_run_training_curves.yaml,configs/benchmarks/paper/analysis/multi_run_curves.yaml,scripts/analysis/common/plot_multi_run_training_curves.py,10,script_example,NO,YES,YES,NO,Active reference updated to the exact Batch 7 canonical path.
configs/analysis/multi_run_training_curves.yaml,configs/benchmarks/paper/analysis/multi_run_curves.yaml,scripts/analysis/common/plot_multi_run_training_curves.py,23,script_example,NO,YES,YES,NO,Active reference updated to the exact Batch 7 canonical path.
configs/pipeline/mmgcn/iemocap/causal_benchmark/val_ses01.yaml,configs/benchmarks/causal_unified/pipelines/mmgcn/legacy_mmgcn_features/val_ses01.yaml,tests/experiments/test_causal8_original8_launcher.py,106,test_fixture,NO,YES,YES,NO,Active reference updated to the exact Batch 7 canonical path.
configs/pipeline/mmgcn/iemocap/causal_benchmark/val_ses02.yaml,configs/benchmarks/causal_unified/pipelines/mmgcn/legacy_mmgcn_features/val_ses02.yaml,tests/experiments/test_causal8_original8_launcher.py,107,test_fixture,NO,YES,YES,NO,Active reference updated to the exact Batch 7 canonical path.
configs/pipeline/mmgcn/iemocap/causal_benchmark/val_ses03.yaml,configs/benchmarks/causal_unified/pipelines/mmgcn/legacy_mmgcn_features/val_ses03.yaml,tests/experiments/test_causal8_original8_launcher.py,108,test_fixture,NO,YES,YES,NO,Active reference updated to the exact Batch 7 canonical path.
configs/pipeline/mmgcn/iemocap/causal_benchmark/val_ses04.yaml,configs/benchmarks/causal_unified/pipelines/mmgcn/legacy_mmgcn_features/val_ses04.yaml,tests/experiments/test_causal8_original8_launcher.py,109,test_fixture,NO,YES,YES,NO,Active reference updated to the exact Batch 7 canonical path.
configs/pipeline/multidag_cl/iemocap/causal_benchmark/val_ses01.yaml,configs/benchmarks/causal_unified/pipelines/multidag_cl/legacy_mmgcn_features/val_ses01.yaml,tests/experiments/test_causal8_original8_launcher.py,110,test_fixture,NO,YES,YES,NO,Active reference updated to the exact Batch 7 canonical path.
configs/pipeline/multidag_cl/iemocap/causal_benchmark/val_ses02.yaml,configs/benchmarks/causal_unified/pipelines/multidag_cl/legacy_mmgcn_features/val_ses02.yaml,tests/experiments/test_causal8_original8_launcher.py,111,test_fixture,NO,YES,YES,NO,Active reference updated to the exact Batch 7 canonical path.
configs/pipeline/multidag_cl/iemocap/causal_benchmark/val_ses03.yaml,configs/benchmarks/causal_unified/pipelines/multidag_cl/legacy_mmgcn_features/val_ses03.yaml,tests/experiments/test_causal8_original8_launcher.py,112,test_fixture,NO,YES,YES,NO,Active reference updated to the exact Batch 7 canonical path.
configs/pipeline/multidag_cl/iemocap/causal_benchmark/val_ses04.yaml,configs/benchmarks/causal_unified/pipelines/multidag_cl/legacy_mmgcn_features/val_ses04.yaml,tests/experiments/test_causal8_original8_launcher.py,113,test_fixture,NO,YES,YES,NO,Active reference updated to the exact Batch 7 canonical path.
configs/pipeline/mmgcn/iemocap/causal_benchmark/val_sesXX.yaml,configs/benchmarks/causal_unified/pipelines/mmgcn/legacy_mmgcn_features/val_sesXX.yaml,configs/benchmarks/causal_unified/iemocap_clean_roberta_eight_run.yaml,32,dynamic_template,NO,YES,YES,NO,Active provenance template updated to the canonical causal-unified pipeline family.
configs/pipeline/multidag_cl/iemocap/causal_benchmark/val_sesXX.yaml,configs/benchmarks/causal_unified/pipelines/multidag_cl/legacy_mmgcn_features/val_sesXX.yaml,configs/benchmarks/causal_unified/iemocap_clean_roberta_eight_run.yaml,33,dynamic_template,NO,YES,YES,NO,Active provenance template updated to the canonical causal-unified pipeline family.
configs/baselines/mmgcn/iemocap/causal_benchmark/official_prefix.yaml,configs/mmgcn/unified/iemocap/causal_context/legacy_mmgcn_features/val_official_prefix.yaml,configs/benchmarks/causal_unified/analysis/four_model_audit_formal.yaml,3,yaml_reference,NO,YES,YES,NO,Active Batch 2 reference found by the Batch 1--7 regression audit and updated to its canonical path.
configs/baselines/mmgcn/iemocap/causal_benchmark/official_prefix.yaml,configs/mmgcn/unified/iemocap/causal_context/legacy_mmgcn_features/val_official_prefix.yaml,configs/benchmarks/causal_unified/analysis/four_model_audit_synthetic.yaml,3,yaml_reference,NO,YES,YES,NO,Active Batch 2 reference found by the Batch 1--7 regression audit and updated to its canonical path.
configs/pipeline/{family}/iemocap/causal_benchmark/{variant}.yaml,configs/benchmarks/causal_unified/pipelines/{family}/legacy_mmgcn_features/{variant}.yaml,tests/test_new_causal_benchmark_configs.py,53,dynamic_template,NO,YES,YES,NO,Active causal benchmark pipeline directory template updated to the canonical Batch 7 tree.
