source_file,line_number,imported_module,import_kind
scripts/analyze/audit_model_causality.py,76,models.baselines.causal_baseline_registry,from_import
scripts/analyze/audit_model_causality.py,91,models.baselines.causal_baseline_registry,from_import
scripts/baselines/debug_causal_dialoguegcn_forward.py,18,models.baselines.dialoguegcn,from_import
scripts/baselines/debug_causal_gsmcc_forward.py,17,models.baselines.gsmcc,from_import
scripts/baselines/debug_multidag_cl_forward.py,16,models.baselines.multidag_cl,from_import
scripts/baselines/debug_multidag_cl_real_batch.py,27,models.baselines.multidag_cl,from_import
scripts/baselines/debug_new_causal_graph_real_batch.py,18,models.baselines.causal_baseline_registry,from_import
scripts/baselines/debug_sdt_forward.py,16,models.baselines.sdt,from_import
scripts/baselines/evaluate_multidag_cl_checkpoint.py,23,models.baselines.multidag_cl,from_import
scripts/baselines/evaluate_new_causal_graph_checkpoint.py,15,models.baselines.causal_baseline_registry,from_import
scripts/baselines/new_causal_graph_runtime.py,26,models.baselines.causal_baseline_registry,from_import
scripts/baselines/new_causal_graph_runtime.py,33,models.baselines.gsmcc,from_import
scripts/baselines/original_merc_runtime.py,30,models.baselines.original_repro,from_import
scripts/baselines/original_merc_runtime.py,34,models.baselines.original_repro.multidag_cl,from_import
scripts/baselines/train_multidag_cl.py,30,models.baselines.multidag_cl,from_import
scripts/baselines/train_multidag_cl_smoke.py,25,models.baselines.multidag_cl,from_import
scripts/baselines/train_new_causal_graph_baseline.py,19,models.baselines.causal_baseline_registry,from_import
scripts/baselines/train_original_merc_baseline.py,21,models.baselines.original_repro,from_import
scripts/debug/debug_mmgcn_forward.py,34,models.baselines.mmgcn.mm_gcn,from_import
scripts/debug/debug_simple_mlp_step.py,32,models.baselines.simple_mlp,from_import
scripts/dev/diagnose_gsmcc_numerics.py,24,models.baselines.original_repro,from_import
scripts/dev/diagnose_gsmcc_numerics.py,25,models.baselines.original_repro.gsmcc.model,from_import
scripts/evaluate_checkpoint.py,54,models.baselines.simple_mlp,from_import
scripts/evaluate_checkpoint.py,55,models.baselines.mmgcn.mm_gcn,from_import
scripts/train_mmgcn.py,68,models.baselines.mmgcn.mm_gcn,from_import
scripts/train_simple_mlp.py,48,models.baselines.simple_mlp,from_import
tests/original_repro/test_model_contracts.py,9,models.baselines.original_repro,from_import
tests/original_repro/test_numerical_validity.py,12,models.baselines.original_repro,from_import
tests/original_repro/test_numerical_validity.py,13,models.baselines.original_repro.gsmcc.model,from_import
tests/original_repro/test_protocol_and_mechanisms.py,14,models.baselines.original_repro.dialoguegcn,from_import
tests/original_repro/test_protocol_and_mechanisms.py,20,models.baselines.original_repro.gsmcc.model,from_import
tests/original_repro/test_protocol_and_mechanisms.py,24,models.baselines.original_repro.multidag_cl,from_import
tests/original_repro/test_runtime_checkpoint.py,10,models.baselines.original_repro,from_import
tests/test_causal_dialoguegcn_invariance.py,8,models.baselines.causal_graph_common,from_import
tests/test_causal_dialoguegcn_invariance.py,9,models.baselines.dialoguegcn,from_import
tests/test_causal_graph_common.py,5,models.baselines.causal_graph_common,from_import
tests/test_causal_gsmcc_invariance.py,8,models.baselines.causal_graph_common,from_import
tests/test_causal_gsmcc_invariance.py,9,models.baselines.gsmcc,from_import
tests/test_iemocap_clean_roberta_v1.py,18,models.baselines.causal_baseline_registry,from_import
tests/test_mmgcn_causal_invariance.py,6,models.baselines.mmgcn.mm_gcn,from_import
tests/test_model_layout_compatibility.py,7,models.baselines.causal_baseline_registry,from_import
tests/test_model_layout_compatibility.py,10,models.baselines.dialoguegcn,from_import
tests/test_model_layout_compatibility.py,11,models.baselines.gsmcc,from_import
tests/test_model_layout_compatibility.py,12,models.baselines.mmgcn.mm_gcn,from_import
tests/test_model_layout_compatibility.py,13,models.baselines.multidag_cl,from_import
tests/test_model_layout_compatibility.py,14,models.baselines.original_repro,from_import
tests/test_model_layout_compatibility.py,17,models.baselines.original_repro,from_import
tests/test_model_layout_compatibility.py,18,models.baselines.original_repro,from_import
tests/test_model_layout_compatibility.py,21,models.baselines.original_repro,from_import
tests/test_model_layout_compatibility.py,24,models.baselines.original_repro.registry,from_import
tests/test_multidag_causal_invariance.py,6,models.baselines.multidag_cl,from_import
tests/test_new_causal_baseline_checkpoint_reload.py,7,models.baselines.causal_baseline_registry,from_import
tests/test_new_causal_baseline_registry.py,5,models.baselines.causal_baseline_registry,from_import
